Time (s),Ego Speed (km/h),Lead Speed (km/h),Smoothed Lead Speed (km/h),Distance Between (m),Ego Distance Covered (m),Lead Vehicle Distance Covered (m),Ego Speed (m/s),Smoothed Lead Speed (m/s),Ego Acceleration (m/s²),Lead Acceleration (m/s²),Lead Acceleration (Theoretical),Lead Braking Distance (m),Braking Phase
0.0,0.0,7.06,7.06,31.01,0.0,0.0,0.0,1.961,,,1.5,0.99,
0.05,0.0,8.82,7.94,31.01,0.0,0.11,0.0,2.206,0.0,4.889,1.5,,
0.1,0.0,10.58,8.82,31.0,0.0,0.25,0.0,2.45,0.0,4.889,1.5,,
0.15,0.0,10.75,9.3,31.0,0.0,0.41,0.0,2.583,0.0,2.667,1.5,,
0.2,0.0,7.77,9.0,31.0,0.0,0.53,0.0,2.5,0.0,-1.667,1.5,,
0.25,0.0,4.89,8.31,31.0,0.0,0.61,0.0,2.308,0.0,-3.833,1.5,,
0.3,0.0,0.29,7.17,31.0,0.0,0.64,0.0,1.992,0.0,-6.333,1.5,,
0.35,0.08,1.26,6.43,31.0,0.0,0.65,0.022,1.786,0.444,-4.111,1.5,,
0.4,0.05,0.96,5.82,31.0,0.0,0.66,0.014,1.617,-0.167,-3.389,1.5,,
0.45,0.06,0.91,5.33,31.0,0.0,0.67,0.017,1.481,0.056,-2.722,1.5,,
0.5,0.06,0.85,4.71,31.0,0.0,0.68,0.017,1.308,0.0,-3.444,1.5,,
0.55,0.05,0.8,3.91,31.0,0.0,0.69,0.014,1.086,-0.056,-4.444,1.5,,
0.6,0.07,0.75,2.92,31.0,0.0,0.69,0.019,0.811,0.111,-5.5,1.5,,
0.65,0.04,0.7,1.92,31.0,0.0,0.7,0.011,0.533,-0.167,-5.556,1.5,,
0.7,0.08,0.66,1.21,31.0,0.0,0.7,0.022,0.336,0.222,-3.944,1.5,,
0.75,0.03,0.62,0.78,31.0,0.0,0.71,0.008,0.217,-0.278,-2.389,1.5,,
0.8,0.1,0.58,0.81,31.0,0.0,0.71,0.028,0.225,0.389,0.167,1.5,,
0.85,0.01,0.55,0.74,31.0,0.0,0.72,0.003,0.206,-0.5,-0.389,1.5,,
0.9,0.12,0.51,0.69,31.0,0.0,0.72,0.033,0.192,0.611,-0.278,1.5,,
0.95,0.02,0.76,0.68,31.01,0.01,0.74,0.006,0.189,-0.556,-0.056,1.5,,
1.0,0.15,1.29,0.72,31.02,0.01,0.75,0.042,0.2,0.722,0.222,1.5,,
1.05,0.05,0.8,0.72,31.03,0.01,0.76,0.014,0.2,-0.556,0.0,1.5,,
1.1,0.18,1.49,0.8,31.05,0.01,0.78,0.05,0.222,0.722,0.444,1.5,,
1.15,0.08,1.01,0.83,31.06,0.01,0.8,0.022,0.231,-0.556,0.167,1.5,,
1.2,0.2,1.72,0.93,31.08,0.01,0.82,0.056,0.258,0.667,0.556,1.5,,
1.25,0.1,1.25,1.0,31.1,0.02,0.84,0.028,0.278,-0.556,0.389,1.5,,
1.3,0.23,1.98,1.14,31.12,0.02,0.87,0.064,0.317,0.722,0.778,1.5,,
1.35,0.13,1.52,1.23,31.14,0.02,0.89,0.036,0.342,-0.556,0.5,1.5,,
1.4,0.27,2.25,1.41,31.17,0.02,0.92,0.075,0.392,0.778,1.0,1.5,,
1.45,0.21,1.8,1.51,31.19,0.03,0.94,0.058,0.419,-0.333,0.556,1.5,,
1.5,0.5,2.53,1.64,31.22,0.03,0.98,0.139,0.456,1.611,0.722,1.5,,
1.55,0.78,2.09,1.77,31.24,0.04,1.01,0.217,0.492,1.556,0.722,1.5,,
1.6,0.83,2.83,1.9,31.27,0.05,1.05,0.231,0.528,0.278,0.722,1.5,,
1.65,0.99,2.4,2.04,31.29,0.06,1.08,0.275,0.567,0.889,0.778,1.5,,
1.7,0.9,3.13,2.18,31.32,0.08,1.12,0.25,0.606,-0.5,0.778,1.5,,
1.75,0.91,2.71,2.32,31.35,0.09,1.16,0.253,0.644,0.056,0.778,1.5,,
1.8,0.86,3.44,2.47,31.38,0.1,1.21,0.239,0.686,-0.278,0.833,1.5,,
1.85,0.89,3.01,2.62,31.41,0.11,1.25,0.247,0.728,0.167,0.833,1.5,,
1.9,1.0,3.74,2.77,31.45,0.13,1.3,0.278,0.769,0.611,0.833,0.0,,
1.95,1.15,3.32,2.92,31.48,0.14,1.35,0.319,0.811,0.833,0.833,0.0,,
2.0,1.43,4.04,3.07,31.52,0.16,1.4,0.397,0.853,1.556,0.833,0.0,,
2.05,1.54,3.63,3.22,31.55,0.18,1.46,0.428,0.894,0.611,0.833,0.0,,
2.1,1.68,4.35,3.38,31.59,0.2,1.51,0.467,0.939,0.778,0.889,0.0,,
2.15,1.76,3.94,3.53,31.62,0.22,1.57,0.489,0.981,0.444,0.833,0.0,,
2.2,1.63,4.66,3.68,31.66,0.25,1.63,0.453,1.022,-0.722,0.833,0.0,,
2.25,1.71,4.26,3.84,31.7,0.27,1.69,0.475,1.067,0.444,0.889,0.0,,
2.3,1.85,4.97,3.99,31.74,0.3,1.76,0.514,1.108,0.778,0.833,0.0,,
2.35,2.02,4.57,4.15,31.78,0.32,1.83,0.561,1.153,0.944,0.889,0.0,,
2.4,2.16,5.29,4.3,31.82,0.35,1.9,0.6,1.194,0.778,0.833,0.0,,
2.45,2.39,4.89,4.46,31.86,0.38,1.97,0.664,1.239,1.278,0.889,0.0,,
2.5,2.54,5.61,4.62,31.9,0.42,2.05,0.706,1.283,0.833,0.889,0.0,,
2.55,2.72,5.21,4.77,31.94,0.46,2.12,0.756,1.325,1.0,0.833,0.0,,
2.6,2.8,5.92,4.93,31.98,0.5,2.2,0.778,1.369,0.444,0.889,0.0,,
2.65,2.84,5.53,5.09,32.02,0.53,2.28,0.789,1.414,0.222,0.889,0.0,,
2.7,2.86,6.23,5.25,32.07,0.57,2.36,0.794,1.458,0.111,0.889,0.0,,
2.75,2.91,5.85,5.41,32.11,0.61,2.45,0.808,1.503,0.278,0.889,0.0,,
2.8,3.01,6.54,5.57,32.16,0.65,2.54,0.836,1.547,0.556,0.889,0.0,,
2.85,3.15,6.16,5.72,32.2,0.7,2.62,0.875,1.589,0.778,0.833,0.0,,
2.9,3.3,6.85,5.88,32.25,0.74,2.72,0.917,1.633,0.833,0.889,0.0,,
2.95,3.47,6.47,6.04,32.29,0.79,2.81,0.964,1.678,0.944,0.889,0.0,,
3.0,3.63,7.15,6.19,32.34,0.84,2.91,1.008,1.719,0.889,0.833,0.0,,
3.05,3.75,6.78,6.35,32.39,0.89,3.0,1.042,1.764,0.667,0.889,0.0,,
3.1,3.81,7.46,6.5,32.44,0.94,3.1,1.058,1.806,0.333,0.833,0.0,,
3.15,3.84,7.09,6.66,32.48,1.0,3.2,1.067,1.85,0.167,0.889,0.0,,
3.2,3.89,7.76,6.81,32.54,1.05,3.31,1.081,1.892,0.278,0.833,0.0,,
3.25,3.96,7.4,6.97,32.58,1.1,3.41,1.1,1.936,0.389,0.889,0.0,,
3.3,4.08,8.07,7.12,32.64,1.16,3.52,1.133,1.978,0.667,0.833,0.0,,
3.35,4.23,7.71,7.27,32.69,1.22,3.63,1.175,2.019,0.833,0.833,0.0,,
3.4,4.39,8.37,7.43,32.75,1.28,3.75,1.219,2.064,0.889,0.889,0.0,,
3.45,4.5,8.02,7.58,32.8,1.34,3.86,1.25,2.106,0.611,0.833,0.0,,
3.5,4.58,8.67,7.73,32.85,1.4,3.98,1.272,2.147,0.444,0.833,0.0,,
3.55,4.65,8.33,7.89,32.9,1.47,4.1,1.292,2.192,0.389,0.889,0.0,,
3.6,4.71,8.97,8.04,32.96,1.53,4.22,1.308,2.233,0.333,0.833,0.0,,
3.65,4.77,8.6,8.19,33.02,1.6,4.34,1.325,2.275,0.333,0.833,0.0,,
3.7,4.85,9.21,8.34,33.08,1.67,4.47,1.347,2.317,0.444,0.833,0.0,,
3.75,4.94,8.82,8.48,33.13,1.73,4.59,1.372,2.356,0.5,0.778,0.0,,
3.8,5.06,9.4,8.61,33.19,1.8,4.72,1.406,2.392,0.667,0.722,0.0,,
3.85,5.2,9.0,8.74,33.25,1.87,4.85,1.444,2.428,0.778,0.722,0.0,,
3.9,5.34,9.56,8.86,33.31,1.95,4.98,1.483,2.461,0.778,0.667,0.0,,
3.95,5.49,9.15,8.97,33.36,2.02,5.11,1.525,2.492,0.833,0.611,0.0,,
4.0,5.6,9.69,9.07,33.42,2.1,5.24,1.556,2.519,0.611,0.556,0.0,,
4.05,5.7,9.26,9.17,33.47,2.18,5.37,1.583,2.547,0.556,0.556,0.0,,
4.1,5.8,9.79,9.25,33.52,2.26,5.5,1.611,2.569,0.556,0.444,0.0,,
4.15,5.9,9.36,9.32,33.57,2.34,5.64,1.639,2.589,0.556,0.389,0.0,,
4.2,6.01,9.87,9.39,33.63,2.42,5.77,1.669,2.608,0.611,0.389,0.0,,
4.25,6.14,9.44,9.45,33.67,2.51,5.9,1.706,2.625,0.722,0.333,0.0,,
4.3,6.28,10.23,9.53,33.73,2.59,6.04,1.744,2.647,0.778,0.444,0.0,,
4.35,6.41,9.76,9.61,33.78,2.68,6.18,1.781,2.669,0.722,0.444,0.0,,
4.4,6.53,10.23,9.68,33.83,2.77,6.32,1.814,2.689,0.667,0.389,0.0,,
4.45,6.64,9.76,9.74,33.87,2.86,6.46,1.844,2.706,0.611,0.333,0.0,,
4.5,6.76,10.23,9.79,33.92,2.96,6.6,1.878,2.719,0.667,0.278,0.0,,
4.55,6.88,9.76,9.84,33.96,3.05,6.74,1.911,2.733,0.667,0.278,0.0,,
4.6,6.98,10.23,9.89,34.01,3.15,6.88,1.939,2.747,0.556,0.278,0.0,,
4.65,7.08,9.76,9.93,34.05,3.25,7.01,1.967,2.758,0.556,0.222,0.0,,
4.7,7.2,10.23,9.96,34.09,3.35,7.16,2.0,2.767,0.667,0.167,0.0,,
4.75,7.33,9.76,10.0,34.12,3.45,7.29,2.036,2.778,0.722,0.222,0.0,,
4.8,7.47,10.23,10.0,34.16,3.55,7.43,2.075,2.778,0.778,0.0,0.0,,
4.85,7.62,9.76,10.0,34.19,3.65,7.57,2.117,2.778,0.833,0.0,0.0,,
4.9,7.75,10.23,10.0,34.23,3.76,7.71,2.153,2.778,0.722,0.0,0.0,,
4.95,7.86,9.76,10.0,34.26,3.87,7.85,2.183,2.778,0.611,0.0,0.0,,
5.0,7.98,10.23,10.0,34.29,3.98,7.99,2.217,2.778,0.667,0.0,0.0,,
5.05,8.12,9.76,10.0,34.31,4.09,8.13,2.256,2.778,0.778,0.0,0.0,,
5.1,8.25,10.23,10.0,34.34,4.21,8.27,2.292,2.778,0.722,0.0,0.0,,
5.15,8.39,9.76,10.0,34.36,4.32,8.4,2.331,2.778,0.778,0.0,0.0,,
5.2,8.51,10.23,10.0,34.39,4.44,8.54,2.364,2.778,0.667,0.0,0.0,,
5.25,8.63,9.76,10.0,34.4,4.56,8.68,2.397,2.778,0.667,0.0,0.0,,
5.3,8.76,10.23,10.0,34.42,4.68,8.82,2.433,2.778,0.722,0.0,0.0,,
5.35,8.88,9.76,10.0,34.44,4.8,8.96,2.467,2.778,0.667,0.0,0.0,,
5.4,8.98,10.23,10.0,34.46,4.93,9.1,2.494,2.778,0.556,0.0,0.0,,
5.45,9.05,9.76,10.0,34.47,5.05,9.24,2.514,2.778,0.389,0.0,0.0,,
5.5,9.12,10.23,10.0,34.48,5.18,9.38,2.533,2.778,0.389,0.0,0.0,,
5.55,9.2,9.76,10.0,34.49,5.31,9.51,2.556,2.778,0.444,0.0,0.0,,
5.6,9.3,10.23,10.0,34.5,5.43,9.66,2.583,2.778,0.556,0.0,0.0,,
5.65,9.45,9.76,10.0,34.51,5.56,9.79,2.625,2.778,0.833,0.0,0.0,,
5.7,9.62,10.23,10.0,34.52,5.7,9.93,2.672,2.778,0.944,0.0,0.0,,
5.75,9.81,9.76,10.0,34.52,5.83,10.07,2.725,2.778,1.056,0.0,0.0,,
5.8,9.99,10.23,10.0,34.52,5.97,10.21,2.775,2.778,1.0,0.0,0.0,,
5.85,10.16,9.76,10.0,34.52,6.11,10.35,2.822,2.778,0.944,0.0,0.0,,
5.9,10.29,10.23,10.0,34.52,6.25,10.49,2.858,2.778,0.722,0.0,0.0,,
5.95,10.4,9.76,10.0,34.51,6.4,10.63,2.889,2.778,0.611,0.0,0.0,,
6.0,10.53,10.23,10.0,34.51,6.54,10.77,2.925,2.778,0.722,0.0,0.0,,
6.05,10.7,9.76,10.0,34.5,6.69,10.9,2.972,2.778,0.944,0.0,0.0,,
6.1,10.89,10.23,10.0,34.49,6.84,11.04,3.025,2.778,1.056,0.0,0.0,,
6.15,11.09,9.76,10.0,34.47,6.99,11.18,3.081,2.778,1.111,0.0,0.0,,
6.2,11.3,10.23,10.0,34.46,7.15,11.32,3.139,2.778,1.167,0.0,0.0,,
6.25,11.49,9.76,10.0,34.44,7.31,11.46,3.192,2.778,1.056,0.0,0.0,,
6.3,11.65,10.23,10.0,34.42,7.47,11.6,3.236,2.778,0.889,0.0,0.0,,
6.35,11.78,9.76,10.0,34.39,7.63,11.74,3.272,2.778,0.722,0.0,0.0,,
6.4,11.9,10.23,10.0,34.37,7.8,11.88,3.306,2.778,0.667,0.0,0.0,,
6.45,12.02,9.76,10.0,34.34,7.96,12.01,3.339,2.778,0.667,0.0,0.0,,
6.5,12.17,10.23,10.0,34.31,8.13,12.16,3.381,2.778,0.833,0.0,0.0,,
6.55,12.33,9.76,10.0,34.28,8.3,12.29,3.425,2.778,0.889,0.0,0.0,,
6.6,12.51,10.23,10.0,34.25,8.47,12.43,3.475,2.778,1.0,0.0,0.0,,
6.65,12.7,9.76,10.0,34.21,8.65,12.57,3.528,2.778,1.056,0.0,0.0,,
6.7,12.89,10.23,10.0,34.17,8.83,12.71,3.581,2.778,1.056,0.0,0.0,,
6.75,13.08,9.76,10.0,34.13,9.01,12.85,3.633,2.778,1.056,0.0,0.0,,
6.8,13.25,10.23,10.0,34.08,9.19,12.99,3.681,2.778,0.944,0.0,0.0,,
6.85,13.4,9.76,10.0,34.04,9.38,13.13,3.722,2.778,0.833,0.0,0.0,,
6.9,13.55,10.23,10.0,33.99,9.56,13.27,3.764,2.778,0.833,0.0,0.0,,
6.95,13.69,9.76,10.0,33.94,9.75,13.4,3.803,2.778,0.778,0.0,0.0,,
7.0,13.83,10.23,10.0,33.89,9.94,13.54,3.842,2.778,0.778,0.0,0.0,,
7.05,13.96,9.76,10.0,33.83,10.14,13.68,3.878,2.778,0.722,0.0,0.0,,
7.1,14.09,10.23,10.0,33.78,10.33,13.82,3.914,2.778,0.722,0.0,0.0,,
7.15,14.24,9.76,10.0,33.72,10.53,13.96,3.956,2.778,0.833,0.0,0.0,,
7.2,14.4,10.23,10.0,33.66,10.73,14.1,4.0,2.778,0.889,0.0,0.0,,
7.25,14.58,9.76,10.0,33.59,10.93,14.24,4.05,2.778,1.0,0.0,0.0,,
7.3,14.77,10.23,10.0,33.53,11.13,14.38,4.103,2.778,1.056,0.0,0.0,,
7.35,14.98,9.76,10.0,33.46,11.34,14.51,4.161,2.778,1.167,0.0,0.0,,
7.4,15.18,10.23,10.0,33.39,11.55,14.66,4.217,2.778,1.111,0.0,0.0,,
7.45,15.37,9.76,10.0,33.32,11.76,14.79,4.269,2.778,1.056,0.0,0.0,,
7.5,15.54,10.23,10.0,33.24,11.98,14.93,4.317,2.778,0.944,0.0,0.0,,
7.55,15.68,9.76,10.0,33.16,12.19,15.07,4.356,2.778,0.778,0.0,0.0,,
7.6,15.82,10.23,10.0,33.08,12.41,15.21,4.394,2.778,0.778,0.0,0.0,,
7.65,15.98,9.76,10.0,33.0,12.63,15.35,4.439,2.778,0.889,0.0,0.0,,
7.7,16.16,10.23,10.0,32.92,12.86,15.49,4.489,2.778,1.0,0.0,0.0,,
7.75,16.36,9.76,10.0,32.83,13.08,15.63,4.544,2.778,1.111,0.0,0.0,,
7.8,16.56,10.23,10.0,32.74,13.31,15.77,4.6,2.778,1.111,0.0,0.0,,
7.85,16.75,9.76,10.0,32.65,13.54,15.9,4.653,2.778,1.056,0.0,0.0,,
7.9,16.94,10.23,10.0,32.55,13.78,16.04,4.706,2.778,1.056,0.0,0.0,,
7.95,17.11,9.76,10.0,32.45,14.02,16.18,4.753,2.778,0.944,0.0,0.0,,
8.0,17.26,10.23,10.0,32.35,14.25,16.32,4.794,2.778,0.833,0.0,0.0,,
8.05,17.39,9.76,10.0,32.25,14.5,16.46,4.831,2.778,0.722,0.0,0.0,,
8.1,17.5,10.23,10.0,32.15,14.74,16.6,4.861,2.778,0.611,0.0,0.0,,
8.15,17.64,9.76,10.0,32.04,14.98,16.74,4.9,2.778,0.778,0.0,0.0,,
8.2,17.82,10.23,10.0,31.94,15.23,16.88,4.95,2.778,1.0,0.0,0.0,,
8.25,18.04,9.76,10.0,31.82,15.48,17.01,5.011,2.778,1.222,0.0,0.0,,
8.3,18.26,10.23,10.0,31.71,15.73,17.16,5.072,2.778,1.222,0.0,0.0,,
8.35,18.44,9.76,10.0,31.59,15.99,17.29,5.122,2.778,1.0,0.0,0.0,,
8.4,18.56,10.23,10.0,31.48,16.24,17.43,5.156,2.778,0.667,0.0,0.0,,
8.45,18.64,9.76,10.0,31.36,16.5,17.57,5.178,2.778,0.444,0.0,0.0,,
8.5,18.71,10.23,10.0,31.24,16.76,17.71,5.197,2.778,0.389,0.0,0.0,,
8.55,18.78,9.76,10.0,31.11,17.02,17.85,5.217,2.778,0.389,0.0,0.0,,
8.6,18.85,10.23,10.0,30.99,17.28,17.99,5.236,2.778,0.389,0.0,0.0,,
8.65,18.95,9.76,10.0,30.87,17.54,18.13,5.264,2.778,0.556,0.0,0.0,,
8.7,19.07,10.23,10.0,30.75,17.81,18.27,5.297,2.778,0.667,0.0,0.0,,
8.75,19.19,9.76,10.0,30.62,18.07,18.4,5.331,2.778,0.667,0.0,0.0,,
8.8,19.31,10.23,10.0,30.49,18.34,18.54,5.364,2.778,0.667,0.0,0.0,,
8.85,19.45,9.76,10.0,30.36,18.61,18.68,5.403,2.778,0.778,0.0,0.0,,
8.9,19.57,10.23,10.0,30.23,18.88,18.82,5.436,2.778,0.667,0.0,0.0,,
8.95,19.68,9.76,10.0,30.09,19.16,18.96,5.467,2.778,0.611,0.0,0.0,,
9.0,19.78,10.23,10.0,29.96,19.43,19.1,5.494,2.778,0.556,0.0,0.0,,
9.05,19.89,9.76,10.0,29.82,19.7,19.24,5.525,2.778,0.611,0.0,0.0,,
9.1,20.02,10.23,10.0,29.68,19.98,19.38,5.561,2.778,0.722,0.0,0.0,,
9.15,20.18,9.76,10.0,29.54,20.26,19.51,5.606,2.778,0.889,0.0,0.0,,
9.2,20.34,10.23,10.0,29.4,20.54,19.66,5.65,2.778,0.889,0.0,0.0,,
9.25,20.48,9.76,10.0,29.25,20.83,19.79,5.689,2.778,0.778,0.0,0.0,,
9.3,20.57,10.23,10.0,29.11,21.11,19.93,5.714,2.778,0.5,0.0,0.0,,
9.35,20.61,9.76,10.0,28.96,21.4,20.07,5.725,2.778,0.222,0.0,0.0,,
9.4,20.6,10.23,10.0,28.81,21.68,20.21,5.722,2.778,-0.056,0.0,0.0,,
9.45,20.56,9.76,10.0,28.66,21.97,20.35,5.711,2.778,-0.222,0.0,0.0,,
9.5,20.51,10.23,10.0,28.52,22.26,20.49,5.697,2.778,-0.278,0.0,0.0,,
9.55,20.46,9.76,10.0,28.37,22.54,20.63,5.683,2.778,-0.278,0.0,0.0,,
9.6,20.42,10.23,10.0,28.23,22.82,20.77,5.672,2.778,-0.222,0.0,0.0,,
9.65,20.4,9.76,10.0,28.08,23.11,20.9,5.667,2.778,-0.111,0.0,0.0,,
9.7,20.38,10.23,10.0,27.94,23.39,21.04,5.661,2.778,-0.111,0.0,0.0,,
9.75,20.37,9.76,10.0,27.79,23.67,21.18,5.658,2.778,-0.056,0.0,0.0,,
9.8,20.36,10.23,10.0,27.65,23.96,21.32,5.656,2.778,-0.056,0.0,0.0,,
9.85,20.34,9.76,10.0,27.51,24.24,21.46,5.65,2.778,-0.111,0.0,0.0,,
9.9,20.32,10.23,10.0,27.37,24.52,21.6,5.644,2.778,-0.111,0.0,0.0,,
9.95,20.27,9.76,10.0,27.22,24.8,21.74,5.631,2.778,-0.278,0.0,0.0,,
10.0,20.22,10.23,10.0,27.08,25.08,21.88,5.617,2.778,-0.278,0.0,0.0,,
10.05,20.15,9.76,10.0,26.94,25.36,22.01,5.597,2.778,-0.389,0.0,0.0,,
10.1,20.09,10.23,10.0,26.8,25.64,22.15,5.581,2.778,-0.333,0.0,0.0,,
10.15,20.01,9.76,10.0,26.66,25.92,22.29,5.558,2.778,-0.444,0.0,0.0,,
10.2,19.93,10.23,10.0,26.52,26.2,22.43,5.536,2.778,-0.444,0.0,0.0,,
10.25,19.84,9.76,10.0,26.38,26.48,22.57,5.511,2.778,-0.5,0.0,0.0,,
10.3,19.75,10.23,10.0,26.25,26.75,22.71,5.486,2.778,-0.5,0.0,0.0,,
10.35,19.66,9.76,10.0,26.11,27.02,22.85,5.461,2.778,-0.5,0.0,0.0,,
10.4,19.6,10.23,10.0,25.98,27.3,22.99,5.444,2.778,-0.333,0.0,0.0,,
10.45,19.56,9.76,10.0,25.85,27.57,23.13,5.433,2.778,-0.222,0.0,0.0,,
10.5,19.56,10.23,10.0,25.71,27.84,23.27,5.433,2.778,0.0,0.0,0.0,,
10.55,19.59,9.76,10.0,25.58,28.11,23.4,5.442,2.778,0.167,0.0,0.0,,
10.6,19.65,10.23,10.0,25.45,28.38,23.54,5.458,2.778,0.333,0.0,0.0,,
10.65,19.72,9.76,10.0,25.31,28.66,23.68,5.478,2.778,0.389,0.0,0.0,,
10.7,19.81,10.23,10.0,25.18,28.93,23.82,5.503,2.778,0.5,0.0,0.0,,
10.75,19.89,9.76,10.0,25.04,29.21,23.96,5.525,2.778,0.444,0.0,0.0,,
10.8,19.96,10.23,10.0,24.9,29.48,24.1,5.544,2.778,0.389,0.0,0.0,,
10.85,20.01,9.76,10.0,24.76,29.76,24.24,5.558,2.778,0.278,0.0,0.0,,
10.9,20.02,10.23,10.0,24.62,30.04,24.38,5.561,2.778,0.056,0.0,0.0,,
10.95,20.0,9.76,10.0,24.48,30.32,24.51,5.556,2.778,-0.111,0.0,0.0,,
11.0,19.95,10.23,10.0,24.35,30.6,24.65,5.542,2.778,-0.278,0.0,0.0,,
11.05,19.87,9.76,10.0,24.21,30.87,24.79,5.519,2.778,-0.444,0.0,0.0,,
11.1,19.8,10.23,10.0,24.07,31.15,24.93,5.5,2.778,-0.389,0.0,0.0,,
11.15,19.73,9.76,10.0,23.94,31.42,25.07,5.481,2.778,-0.389,0.0,0.0,,
11.2,19.67,10.23,10.0,23.8,31.7,25.21,5.464,2.778,-0.333,0.0,0.0,,
11.25,19.61,9.76,10.0,23.67,31.97,25.35,5.447,2.778,-0.333,0.0,0.0,,
11.3,19.57,10.23,10.0,23.54,32.24,25.49,5.436,2.778,-0.222,0.0,0.0,,
11.35,19.53,9.76,10.0,23.4,32.51,25.63,5.425,2.778,-0.222,0.0,0.0,,
11.4,19.5,10.23,10.0,23.27,32.78,25.77,5.417,2.778,-0.167,0.0,0.0,,
11.45,19.45,9.76,10.0,23.14,33.05,25.9,5.403,2.778,-0.278,0.0,0.0,,
11.5,19.39,10.23,10.0,23.01,33.32,26.04,5.386,2.778,-0.333,0.0,0.0,,
11.55,19.31,9.76,10.0,22.88,33.59,26.18,5.364,2.778,-0.444,0.0,0.0,,
11.6,19.22,10.23,10.0,22.75,33.86,26.32,5.339,2.778,-0.5,0.0,0.0,,
11.65,19.12,9.76,10.0,22.62,34.12,26.46,5.311,2.778,-0.556,0.0,0.0,,
11.7,19.03,10.23,10.0,22.5,34.39,26.6,5.286,2.778,-0.5,0.0,0.0,,
11.75,18.93,9.76,10.0,22.37,34.65,26.74,5.258,2.778,-0.556,0.0,0.0,,
11.8,18.82,10.23,10.0,22.25,34.91,26.88,5.228,2.778,-0.611,0.0,0.0,,
11.85,18.72,9.76,10.0,22.13,35.18,27.01,5.2,2.778,-0.556,0.0,0.0,,
11.9,18.61,10.23,10.0,22.01,35.43,27.15,5.169,2.778,-0.611,0.0,0.0,,
11.95,18.51,9.76,10.0,21.89,35.69,27.29,5.142,2.778,-0.556,0.0,0.0,,
12.0,18.41,10.23,10.0,21.77,35.95,27.43,5.114,2.778,-0.556,0.0,0.0,,
12.05,18.32,9.76,10.0,21.65,36.2,27.57,5.089,2.778,-0.5,0.0,0.0,,
12.1,18.22,10.23,10.0,21.54,36.46,27.71,5.061,2.778,-0.556,0.0,0.0,,
12.15,18.12,9.76,10.0,21.43,36.71,27.85,5.033,2.778,-0.556,0.0,0.0,,
12.2,18.03,10.23,10.0,21.32,36.96,27.99,5.008,2.778,-0.5,0.0,0.0,,
12.25,17.92,9.76,10.0,21.2,37.21,28.13,4.978,2.778,-0.611,0.0,0.0,,
12.3,17.79,10.23,10.0,21.1,37.46,28.27,4.942,2.778,-0.722,0.0,0.0,,
12.35,17.64,9.76,10.0,20.99,37.7,28.4,4.9,2.778,-0.833,0.0,0.0,,
12.4,17.49,10.23,10.0,20.88,37.95,28.54,4.858,2.778,-0.833,0.0,0.0,,
12.45,17.34,9.76,10.0,20.78,38.19,28.68,4.817,2.778,-0.833,0.0,0.0,,
12.5,17.19,10.23,10.0,20.68,38.43,28.82,4.775,2.778,-0.833,0.0,0.0,,
12.55,17.05,9.76,10.0,20.58,38.67,28.96,4.736,2.778,-0.778,0.0,0.0,,
12.6,16.93,10.23,10.0,20.49,38.9,29.1,4.703,2.778,-0.667,0.0,0.0,,
12.65,16.82,9.76,10.0,20.39,39.14,29.24,4.672,2.778,-0.611,0.0,0.0,,
12.7,16.71,10.23,10.0,20.3,39.37,29.38,4.642,2.778,-0.611,0.0,0.0,,
12.75,16.6,9.76,10.0,20.2,39.6,29.51,4.611,2.778,-0.611,0.0,0.0,,
12.8,16.49,10.23,10.0,20.11,39.83,29.65,4.581,2.778,-0.611,0.0,0.0,,
12.85,16.36,9.76,10.0,20.02,40.06,29.79,4.544,2.778,-0.722,0.0,0.0,,
12.9,16.23,10.23,10.0,19.94,40.28,29.93,4.508,2.778,-0.722,0.0,0.0,,
12.95,16.09,9.76,10.0,19.85,40.51,30.07,4.469,2.778,-0.778,0.0,0.0,,
13.0,15.96,10.23,10.0,19.77,40.73,30.21,4.433,2.778,-0.722,0.0,0.0,,
13.05,15.84,9.76,10.0,19.68,40.95,30.35,4.4,2.778,-0.667,0.0,0.0,,
13.1,15.76,10.23,10.0,19.61,41.17,30.49,4.378,2.778,-0.444,0.0,0.0,,
13.15,15.71,9.76,10.0,19.52,41.39,30.62,4.364,2.778,-0.278,0.0,0.0,,
13.2,15.71,10.23,10.0,19.45,41.61,30.77,4.364,2.778,0.0,0.0,0.0,,
13.25,15.74,9.76,10.0,19.36,41.83,30.9,4.372,2.778,0.167,0.0,0.0,,
13.3,15.79,10.23,10.0,19.29,42.04,31.04,4.386,2.778,0.278,0.0,0.0,,
13.35,15.85,9.76,10.0,19.2,42.26,31.18,4.403,2.778,0.333,0.0,0.0,,
13.4,15.9,10.23,10.0,19.12,42.48,31.32,4.417,2.778,0.278,0.0,0.0,,
13.45,15.92,9.76,10.0,19.04,42.71,31.46,4.422,2.778,0.111,0.0,0.0,,
13.5,15.89,10.23,10.0,18.96,42.93,31.6,4.414,2.778,-0.167,0.0,0.0,,
13.55,15.82,9.76,10.0,18.88,43.15,31.74,4.394,2.778,-0.389,0.0,0.0,,
13.6,15.72,10.23,10.0,18.8,43.37,31.88,4.367,2.778,-0.556,0.0,0.0,,
13.65,15.61,9.76,10.0,18.72,43.58,32.01,4.336,2.778,-0.611,0.0,0.0,,
13.7,15.49,10.23,10.0,18.64,43.8,32.15,4.303,2.778,-0.667,0.0,0.0,,
13.75,15.38,9.76,10.0,18.57,44.01,32.29,4.272,2.778,-0.611,0.0,0.0,,
13.8,15.29,10.23,10.0,18.49,44.23,32.43,4.247,2.778,-0.5,0.0,0.0,,
13.85,15.21,9.76,10.0,18.42,44.44,32.57,4.225,2.778,-0.444,0.0,0.0,,
13.9,15.13,10.23,10.0,18.35,44.65,32.71,4.203,2.778,-0.444,0.0,0.0,,
13.95,15.05,9.76,10.0,18.28,44.86,32.85,4.181,2.778,-0.444,0.0,0.0,,
14.0,14.97,10.23,10.0,18.21,45.07,32.99,4.158,2.778,-0.444,0.0,0.0,,
14.05,14.89,9.76,10.0,18.14,45.27,33.12,4.136,2.778,-0.444,0.0,0.0,,
14.1,14.82,10.23,10.0,18.07,45.48,33.27,4.117,2.778,-0.389,0.0,0.0,,
14.15,14.76,9.76,10.0,18.01,45.68,33.4,4.1,2.778,-0.333,0.0,0.0,,
14.2,14.69,10.23,10.0,17.94,45.89,33.54,4.081,2.778,-0.389,0.0,0.0,,
14.25,14.63,9.76,10.0,17.88,46.09,33.68,4.064,2.778,-0.333,0.0,0.0,,
14.3,14.57,10.23,10.0,17.81,46.3,33.82,4.047,2.778,-0.333,0.0,0.0,,
14.35,14.52,9.76,10.0,17.75,46.5,33.96,4.033,2.778,-0.278,0.0,0.0,,
14.4,14.46,10.23,10.0,17.69,46.7,34.1,4.017,2.778,-0.333,0.0,0.0,,
14.45,14.42,9.76,10.0,17.63,46.9,34.24,4.006,2.778,-0.222,0.0,0.0,,
14.5,14.37,10.23,10.0,17.57,47.1,34.38,3.992,2.778,-0.278,0.0,0.0,,
14.55,14.31,9.76,10.0,17.5,47.3,34.51,3.975,2.778,-0.333,0.0,0.0,,
14.6,14.24,10.23,10.0,17.45,47.5,34.65,3.956,2.778,-0.389,0.0,0.0,,
14.65,14.15,9.76,10.0,17.39,47.69,34.79,3.931,2.778,-0.5,0.0,0.0,,
14.7,14.04,10.23,10.0,17.33,47.89,34.93,3.9,2.778,-0.611,0.0,0.0,,
14.75,13.94,9.76,10.0,17.27,48.08,35.07,3.872,2.778,-0.556,0.0,0.0,,
14.8,13.82,10.23,10.0,17.22,48.28,35.21,3.839,2.778,-0.667,0.0,0.0,,
14.85,13.73,9.76,10.0,17.17,48.47,35.35,3.814,2.778,-0.5,0.0,0.0,,
14.9,13.66,10.23,10.0,17.12,48.66,35.49,3.794,2.778,-0.389,0.0,0.0,,
14.95,13.63,9.76,10.0,17.07,48.85,35.62,3.786,2.778,-0.167,0.0,0.0,,
15.0,13.65,10.23,10.0,17.02,49.04,35.77,3.792,2.778,0.111,0.0,0.0,,
15.05,13.69,9.76,10.0,16.96,49.23,35.9,3.803,2.778,0.222,0.0,0.0,,
15.1,13.75,10.23,10.0,16.92,49.42,36.04,3.819,2.778,0.333,0.0,0.0,,
15.15,13.8,9.76,10.0,16.86,49.61,36.18,3.833,2.778,0.278,0.0,0.0,,
15.2,13.85,10.23,10.0,16.81,49.8,36.32,3.847,2.778,0.278,0.0,0.0,,
15.25,13.87,9.76,10.0,16.75,49.99,36.46,3.853,2.778,0.111,0.0,0.0,,
15.3,13.86,10.23,10.0,16.7,50.18,36.6,3.85,2.778,-0.056,0.0,0.0,,
15.35,13.81,9.76,10.0,16.65,50.38,36.74,3.836,2.778,-0.278,0.0,0.0,,
15.4,13.73,10.23,10.0,16.6,50.57,36.88,3.814,2.778,-0.444,0.0,0.0,,
15.45,13.63,9.76,10.0,16.54,50.76,37.01,3.786,2.778,-0.556,0.0,0.0,,
15.5,13.5,10.23,10.0,16.5,50.95,37.15,3.75,2.778,-0.722,0.0,0.0,,
15.55,13.38,9.76,10.0,16.45,51.13,37.29,3.717,2.778,-0.667,0.0,0.0,,
15.6,13.27,10.23,10.0,16.4,51.32,37.43,3.686,2.778,-0.611,0.0,0.0,,
15.65,13.19,9.76,10.0,16.36,51.5,37.57,3.664,2.778,-0.444,0.0,0.0,,
15.7,13.14,10.23,10.0,16.31,51.68,37.71,3.65,2.778,-0.278,0.0,0.0,,
15.75,13.11,9.76,10.0,16.27,51.87,37.85,3.642,2.778,-0.167,0.0,0.0,,
15.8,13.1,10.23,10.0,16.23,52.05,37.99,3.639,2.778,-0.056,0.0,0.0,,
15.85,13.12,9.76,10.0,16.18,52.23,38.12,3.644,2.778,0.111,0.0,0.0,,
15.9,13.15,10.23,10.0,16.14,52.41,38.27,3.653,2.778,0.167,0.0,0.0,,
15.95,13.17,9.76,10.0,16.09,52.6,38.4,3.658,2.778,0.111,0.0,0.0,,
16.0,13.15,10.23,10.0,16.05,52.78,38.54,3.653,2.778,-0.111,0.0,0.0,,
16.05,13.1,9.76,10.0,16.01,52.96,38.68,3.639,2.778,-0.278,0.0,0.0,,
16.1,13.0,10.23,10.0,15.97,53.14,38.82,3.611,2.778,-0.556,0.0,0.0,,
16.15,12.89,9.76,10.0,15.92,53.32,38.96,3.581,2.778,-0.611,0.0,0.0,,
16.2,12.77,10.23,10.0,15.89,53.5,39.1,3.547,2.778,-0.667,0.0,0.0,,
16.25,12.64,9.76,10.0,15.85,53.68,39.24,3.511,2.778,-0.722,0.0,0.0,,
16.3,12.52,10.23,10.0,15.81,53.85,39.38,3.478,2.778,-0.667,0.0,0.0,,
16.35,12.42,9.76,10.0,15.78,54.02,39.51,3.45,2.778,-0.556,0.0,0.0,,
16.4,12.36,10.23,10.0,15.75,54.2,39.65,3.433,2.778,-0.333,0.0,0.0,,
16.45,12.35,9.76,10.0,15.71,54.37,39.79,3.431,2.778,-0.056,0.0,0.0,,
16.5,12.38,10.23,10.0,15.68,54.54,39.93,3.439,2.778,0.167,0.0,0.0,,
16.55,12.44,9.76,10.0,15.65,54.71,40.07,3.456,2.778,0.333,0.0,0.0,,
16.6,12.51,10.23,10.0,15.61,54.88,40.21,3.475,2.778,0.389,0.0,0.0,,
16.65,12.57,9.76,10.0,15.58,55.06,40.35,3.492,2.778,0.333,0.0,0.0,,
16.7,12.61,10.23,10.0,15.54,55.23,40.49,3.503,2.778,0.222,0.0,0.0,,
16.75,12.61,9.76,10.0,15.5,55.41,40.62,3.503,2.778,0.0,0.0,0.0,,
16.8,12.55,10.23,10.0,15.47,55.58,40.77,3.486,2.778,-0.333,0.0,0.0,,
16.85,12.45,9.76,10.0,15.43,55.76,40.9,3.458,2.778,-0.556,0.0,0.0,,
16.9,12.33,10.23,10.0,15.4,55.93,41.04,3.425,2.778,-0.667,0.0,0.0,,
16.95,12.21,9.76,10.0,15.37,56.1,41.18,3.392,2.778,-0.667,0.0,0.0,,
17.0,12.06,10.23,10.0,15.34,56.27,41.32,3.35,2.778,-0.833,0.0,0.0,,
17.05,11.92,9.76,10.0,15.31,56.43,41.46,3.311,2.778,-0.778,0.0,0.0,,
17.1,11.81,10.23,10.0,15.29,56.6,41.6,3.281,2.778,-0.611,0.0,0.0,,
17.15,11.76,9.76,10.0,15.26,56.76,41.74,3.267,2.778,-0.278,0.0,0.0,,
17.2,11.76,10.23,10.0,15.24,56.93,41.88,3.267,2.778,0.0,0.0,0.0,,
17.25,11.82,9.76,10.0,15.21,57.09,42.01,3.283,2.778,0.333,0.0,0.0,,
17.3,11.92,10.23,10.0,15.19,57.25,42.15,3.311,2.778,0.556,0.0,0.0,,
17.35,12.03,9.76,10.0,15.16,57.42,42.29,3.342,2.778,0.611,0.0,0.0,,
17.4,12.13,10.23,10.0,15.13,57.59,42.43,3.369,2.778,0.556,0.0,0.0,,
17.45,12.2,9.76,10.0,15.1,57.76,42.57,3.389,2.778,0.389,0.0,0.0,,
17.5,12.21,10.23,10.0,15.07,57.93,42.71,3.392,2.778,0.056,0.0,0.0,,
17.55,12.17,9.76,10.0,15.04,58.1,42.85,3.381,2.778,-0.222,0.0,0.0,,
17.6,12.08,10.23,10.0,15.01,58.26,42.99,3.356,2.778,-0.5,0.0,0.0,,
17.65,11.95,9.76,10.0,14.98,58.43,43.12,3.319,2.778,-0.722,0.0,0.0,,
17.7,11.83,10.23,10.0,14.96,58.6,43.27,3.286,2.778,-0.667,0.0,0.0,,
17.75,11.71,9.76,10.0,14.93,58.76,43.4,3.253,2.778,-0.667,0.0,0.0,,
17.8,11.61,10.23,10.0,14.91,58.92,43.54,3.225,2.778,-0.556,0.0,0.0,,
17.85,11.55,9.76,10.0,14.89,59.08,43.68,3.208,2.778,-0.333,0.0,0.0,,
17.9,11.53,10.23,10.0,14.87,59.24,43.82,3.203,2.778,-0.111,0.0,0.0,,
17.95,11.56,9.76,10.0,14.84,59.4,43.96,3.211,2.778,0.167,0.0,0.0,,
18.0,11.63,10.23,10.0,14.82,59.56,44.1,3.231,2.778,0.389,0.0,0.0,,
18.05,11.74,9.76,10.0,14.8,59.73,44.24,3.261,2.778,0.611,0.0,0.0,,
18.1,11.83,10.23,10.0,14.77,59.89,44.38,3.286,2.778,0.5,0.0,0.0,,
18.15,11.9,9.76,10.0,14.75,60.06,44.51,3.306,2.778,0.389,0.0,0.0,,
18.2,11.9,10.23,10.0,14.72,60.22,44.65,3.306,2.778,0.0,0.0,0.0,,
18.25,11.85,9.76,10.0,14.69,60.39,44.79,3.292,2.778,-0.278,0.0,0.0,,
18.3,11.76,10.23,10.0,14.67,60.55,44.93,3.267,2.778,-0.5,0.0,0.0,,
18.35,11.65,9.76,10.0,14.65,60.71,45.07,3.236,2.778,-0.611,0.0,0.0,,
18.4,11.52,10.23,10.0,14.63,60.87,45.21,3.2,2.778,-0.722,0.0,0.0,,
18.45,11.4,9.76,10.0,14.6,61.03,45.35,3.167,2.778,-0.667,0.0,0.0,,
18.5,11.29,10.23,10.0,14.59,61.19,45.49,3.136,2.778,-0.611,0.0,0.0,,
18.55,11.21,9.76,10.0,14.57,61.34,45.62,3.114,2.778,-0.444,0.0,0.0,,
18.6,11.15,10.23,10.0,14.55,61.5,45.77,3.097,2.778,-0.333,0.0,0.0,,
18.65,11.12,9.76,10.0,14.54,61.65,45.9,3.089,2.778,-0.167,0.0,0.0,,
18.7,11.13,10.23,10.0,14.52,61.81,46.04,3.092,2.778,0.056,0.0,0.0,,
18.75,11.15,9.76,10.0,14.5,61.96,46.18,3.097,2.778,0.111,0.0,0.0,,
18.8,11.19,10.23,10.0,14.49,62.12,46.32,3.108,2.778,0.222,0.0,0.0,,
18.85,11.22,9.76,10.0,14.47,62.27,46.46,3.117,2.778,0.167,0.0,0.0,,
18.9,11.25,10.23,10.0,14.46,62.43,46.6,3.125,2.778,0.167,0.0,0.0,,
18.95,11.26,9.76,10.0,14.44,62.59,46.74,3.128,2.778,0.056,0.0,0.0,,
19.0,11.24,10.23,10.0,14.42,62.74,46.88,3.122,2.778,-0.111,0.0,0.0,,
19.05,11.22,9.76,10.0,14.4,62.9,47.01,3.117,2.778,-0.111,0.0,0.0,,
19.1,11.19,10.23,10.0,14.39,63.05,47.15,3.108,2.778,-0.167,0.0,0.0,,
19.15,11.15,9.76,10.0,14.37,63.21,47.29,3.097,2.778,-0.222,0.0,0.0,,
19.2,11.1,10.23,10.0,14.36,63.36,47.43,3.083,2.778,-0.278,0.0,0.0,,
19.25,11.04,9.76,10.0,14.34,63.52,47.57,3.067,2.778,-0.333,0.0,0.0,,
19.3,10.98,10.23,10.0,14.33,63.67,47.71,3.05,2.778,-0.333,0.0,0.0,,
19.35,10.9,9.76,10.0,14.31,63.82,47.85,3.028,2.778,-0.444,0.0,0.0,,
19.4,10.83,10.23,10.0,14.3,63.97,47.99,3.008,2.778,-0.389,0.0,0.0,,
19.45,10.77,9.76,10.0,14.29,64.12,48.12,2.992,2.778,-0.333,0.0,0.0,,
19.5,10.73,10.23,10.0,14.28,64.27,48.27,2.981,2.778,-0.222,0.0,0.0,,
19.55,10.69,9.76,10.0,14.27,64.42,48.4,2.969,2.778,-0.222,0.0,0.0,,
19.6,10.67,10.23,10.0,14.26,64.57,48.54,2.964,2.778,-0.111,0.0,0.0,,
19.65,10.67,9.76,10.0,14.25,64.72,48.68,2.964,2.778,0.0,0.0,0.0,,
19.7,10.69,10.23,10.0,14.24,64.87,48.82,2.969,2.778,0.111,0.0,0.0,,
19.75,10.73,9.76,10.0,14.23,65.01,48.96,2.981,2.778,0.222,0.0,0.0,,
19.8,10.78,10.23,10.0,14.22,65.16,49.1,2.994,2.778,0.278,0.0,0.0,,
19.85,10.84,9.76,10.0,14.21,65.31,49.24,3.011,2.778,0.333,0.0,0.0,,
19.9,10.9,10.23,10.0,14.2,65.47,49.38,3.028,2.778,0.333,0.0,0.0,,
19.95,10.95,9.76,10.0,14.18,65.62,49.51,3.042,2.778,0.278,0.0,0.0,,
20.0,11.0,10.23,10.0,14.17,65.77,49.65,3.056,2.778,0.278,0.0,0.0,,
20.05,11.01,9.76,10.0,14.16,65.92,49.79,3.058,2.778,0.056,0.0,0.0,,
20.1,10.97,10.23,10.0,14.14,66.08,49.93,3.047,2.778,-0.222,0.0,0.0,,
20.15,10.89,9.76,10.0,14.13,66.23,50.07,3.025,2.778,-0.444,0.0,0.0,,
20.2,10.78,10.23,10.0,14.12,66.38,50.21,2.994,2.778,-0.611,0.0,0.0,,
20.25,10.68,9.76,10.0,14.11,66.53,50.35,2.967,2.778,-0.556,0.0,0.0,,
20.3,10.61,10.23,10.0,14.1,66.67,50.49,2.947,2.778,-0.389,0.0,0.0,,
20.35,10.58,9.76,10.0,14.09,66.82,50.62,2.939,2.778,-0.167,0.0,0.0,,
20.4,10.62,10.23,10.0,14.08,66.97,50.77,2.95,2.778,0.222,0.0,0.0,,
20.45,10.68,9.76,10.0,14.07,67.12,50.9,2.967,2.778,0.333,0.0,0.0,,
20.5,10.77,10.23,10.0,14.07,67.27,51.04,2.992,2.778,0.5,0.0,0.0,,
20.55,10.87,9.76,10.0,14.05,67.42,51.18,3.019,2.778,0.556,0.0,0.0,,
20.6,10.94,10.23,10.0,14.04,67.57,51.32,3.039,2.778,0.389,0.0,0.0,,
20.65,10.97,9.76,10.0,14.03,67.72,51.46,3.047,2.778,0.167,0.0,0.0,,
20.7,10.97,10.23,10.0,14.01,67.87,51.6,3.047,2.778,0.0,0.0,0.0,,
20.75,10.94,9.76,10.0,14.0,68.02,51.74,3.039,2.778,-0.167,0.0,0.0,,
20.8,10.89,10.23,10.0,13.99,68.18,51.88,3.025,2.778,-0.278,0.0,0.0,,
20.85,10.82,9.76,10.0,13.97,68.33,52.01,3.006,2.778,-0.389,0.0,0.0,,
20.9,10.74,10.23,10.0,13.97,68.48,52.15,2.983,2.778,-0.444,0.0,0.0,,
20.95,10.67,9.76,10.0,13.95,68.62,52.29,2.964,2.778,-0.389,0.0,0.0,,
21.0,10.6,10.23,10.0,13.95,68.77,52.43,2.944,2.778,-0.389,0.0,0.0,,
21.05,10.53,9.76,10.0,13.94,68.92,52.57,2.925,2.778,-0.389,0.0,0.0,,
21.1,10.48,10.23,10.0,13.93,69.06,52.71,2.911,2.778,-0.278,0.0,0.0,,
21.15,10.45,9.76,10.0,13.92,69.21,52.85,2.903,2.778,-0.167,0.0,0.0,,
21.2,10.45,10.23,10.0,13.92,69.36,52.99,2.903,2.778,0.0,0.0,0.0,,
21.25,10.45,9.76,10.0,13.91,69.5,53.12,2.903,2.778,0.0,0.0,0.0,,
21.3,10.46,10.23,10.0,13.91,69.65,53.27,2.906,2.778,0.056,0.0,0.0,,
21.35,10.48,9.76,10.0,13.9,69.79,53.4,2.911,2.778,0.111,0.0,0.0,,
21.4,10.5,10.23,10.0,13.89,69.94,53.54,2.917,2.778,0.111,0.0,0.0,,
21.45,10.51,9.76,10.0,13.89,70.08,53.68,2.919,2.778,0.056,0.0,0.0,,
21.5,10.51,10.23,10.0,13.88,70.23,53.82,2.919,2.778,0.0,0.0,0.0,,
21.55,10.49,9.76,10.0,13.87,70.37,53.96,2.914,2.778,-0.111,0.0,0.0,,
21.6,10.47,10.23,10.0,13.87,70.52,54.1,2.908,2.778,-0.111,0.0,0.0,,
21.65,10.45,9.76,10.0,13.86,70.67,54.24,2.903,2.778,-0.111,0.0,0.0,,
21.7,10.44,10.23,10.0,13.85,70.81,54.38,2.9,2.778,-0.056,0.0,0.0,,
21.75,10.45,9.76,10.0,13.85,70.96,54.51,2.903,2.778,0.056,0.0,0.0,,
21.8,10.47,10.23,10.0,13.84,71.1,54.65,2.908,2.778,0.111,0.0,0.0,,
21.85,10.5,9.76,10.0,13.83,71.25,54.79,2.917,2.778,0.167,0.0,0.0,,
21.9,10.52,10.23,10.0,13.83,71.39,54.93,2.922,2.778,0.111,0.0,0.0,,
21.95,10.55,9.76,10.0,13.82,71.54,55.07,2.931,2.778,0.167,0.0,0.0,,
22.0,10.58,10.23,10.0,13.81,71.69,55.21,2.939,2.778,0.167,0.0,0.0,,
22.05,10.6,9.76,10.0,13.8,71.83,55.35,2.944,2.778,0.111,0.0,0.0,,
22.1,10.59,10.23,10.0,13.8,71.98,55.49,2.942,2.778,-0.056,0.0,0.0,,
22.15,10.56,9.76,10.0,13.79,72.13,55.62,2.933,2.778,-0.167,0.0,0.0,,
22.2,10.51,10.23,10.0,13.78,72.27,55.77,2.919,2.778,-0.278,0.0,0.0,,
22.25,10.44,9.76,10.0,13.77,72.42,55.9,2.9,2.778,-0.389,0.0,0.0,,
22.3,10.36,10.23,10.0,13.77,72.56,56.04,2.878,2.778,-0.444,0.0,0.0,,
22.35,10.27,9.76,10.0,13.76,72.71,56.18,2.853,2.778,-0.5,0.0,0.0,,
22.4,10.2,10.23,10.0,13.76,72.85,56.32,2.833,2.778,-0.389,0.0,0.0,,
22.45,10.14,9.76,10.0,13.76,72.99,56.46,2.817,2.778,-0.333,0.0,0.0,,
22.5,10.11,10.23,10.0,13.76,73.13,56.6,2.808,2.778,-0.167,0.0,0.0,,
22.55,10.1,9.76,10.0,13.75,73.27,56.74,2.806,2.778,-0.056,0.0,0.0,,
22.6,10.12,10.23,10.0,13.75,73.41,56.88,2.811,2.778,0.111,0.0,0.0,,
22.65,10.16,9.76,10.0,13.75,73.55,57.01,2.822,2.778,0.222,0.0,0.0,,
22.7,10.22,10.23,10.0,13.75,73.69,57.15,2.839,2.778,0.333,0.0,0.0,,
22.75,10.28,9.76,10.0,13.74,73.84,57.29,2.856,2.778,0.333,0.0,0.0,,
22.8,10.33,10.23,10.0,13.74,73.98,57.43,2.869,2.778,0.278,0.0,0.0,,
22.85,10.33,9.76,10.0,13.73,74.12,57.57,2.869,2.778,0.0,0.0,0.0,,
22.9,10.27,10.23,10.0,13.73,74.27,57.71,2.853,2.778,-0.333,0.0,0.0,,
22.95,10.19,9.76,10.0,13.73,74.41,57.85,2.831,2.778,-0.444,0.0,0.0,,
23.0,10.1,10.23,10.0,13.73,74.55,57.99,2.806,2.778,-0.5,0.0,0.0,,
23.05,10.0,9.76,10.0,13.72,74.69,58.12,2.778,2.778,-0.556,0.0,0.0,,
23.1,9.93,10.23,10.0,13.73,74.83,58.27,2.758,2.778,-0.389,0.0,0.0,,
23.15,9.88,9.76,10.0,13.73,74.96,58.4,2.744,2.778,-0.278,0.0,0.0,,
23.2,9.86,10.23,10.0,13.73,75.1,58.54,2.739,2.778,-0.111,0.0,0.0,,
23.25,9.87,9.76,10.0,13.73,75.24,58.68,2.742,2.778,0.056,0.0,0.0,,
23.3,9.92,10.23,10.0,13.73,75.37,58.82,2.756,2.778,0.278,0.0,0.0,,
23.35,10.0,9.76,10.0,13.73,75.51,58.96,2.778,2.778,0.444,0.0,0.0,,
23.4,10.08,10.23,10.0,13.73,75.65,59.1,2.8,2.778,0.444,0.0,0.0,,
23.45,10.16,9.76,10.0,13.73,75.79,59.24,2.822,2.778,0.444,0.0,0.0,,
23.5,10.21,10.23,10.0,13.73,75.93,59.38,2.836,2.778,0.278,0.0,0.0,,
23.55,10.26,9.76,10.0,13.72,76.08,59.51,2.85,2.778,0.278,0.0,0.0,,
23.6,10.3,10.23,10.0,13.72,76.22,59.65,2.861,2.778,0.222,0.0,0.0,,
23.65,10.32,9.76,10.0,13.72,76.36,59.79,2.867,2.778,0.111,0.0,0.0,,
23.7,10.34,10.23,10.0,13.71,76.51,59.93,2.872,2.778,0.111,0.0,0.0,,
23.75,10.35,9.76,10.0,13.71,76.65,60.07,2.875,2.778,0.056,0.0,0.0,,
23.8,10.37,10.23,10.0,13.7,76.79,60.21,2.881,2.778,0.111,0.0,0.0,,
23.85,10.38,9.76,10.0,13.7,76.94,60.35,2.883,2.778,0.056,0.0,0.0,,
23.9,10.39,10.23,10.0,13.69,77.08,60.49,2.886,2.778,0.056,0.0,0.0,,
23.95,10.4,9.76,10.0,13.69,77.23,60.62,2.889,2.778,0.056,0.0,0.0,,
24.0,10.42,10.23,10.0,13.68,77.37,60.77,2.894,2.778,0.111,0.0,0.0,,
24.05,10.42,9.76,10.0,13.67,77.52,60.9,2.894,2.778,0.0,0.0,0.0,,
24.1,10.41,10.23,10.0,13.67,77.66,61.04,2.892,2.778,-0.056,0.0,0.0,,
24.15,10.39,9.76,10.0,13.66,77.81,61.18,2.886,2.778,-0.111,0.0,0.0,,
24.2,10.35,10.23,10.0,13.66,77.95,61.32,2.875,2.778,-0.222,0.0,0.0,,
24.25,10.3,9.76,10.0,13.65,78.09,61.46,2.861,2.778,-0.278,0.0,0.0,,
24.3,10.24,10.23,10.0,13.65,78.24,61.6,2.844,2.778,-0.333,0.0,0.0,,
24.35,10.19,9.76,10.0,13.65,78.38,61.74,2.831,2.778,-0.278,0.0,0.0,,
24.4,10.13,10.23,10.0,13.65,78.52,61.88,2.814,2.778,-0.333,0.0,0.0,,
24.45,10.09,9.76,10.0,13.64,78.66,62.01,2.803,2.778,-0.222,0.0,0.0,,
24.5,10.05,10.23,10.0,13.64,78.8,62.15,2.792,2.778,-0.222,0.0,0.0,,
24.55,10.02,9.76,10.0,13.64,78.94,62.29,2.783,2.778,-0.167,0.0,0.0,,
24.6,10.0,10.23,10.0,13.64,79.08,62.43,2.778,2.778,-0.111,0.0,0.0,,
24.65,10.0,9.76,10.0,13.64,79.22,62.57,2.778,2.778,0.0,0.0,0.0,,
24.7,10.0,10.23,10.0,13.64,79.35,62.71,2.778,2.778,0.0,0.0,0.0,,
24.75,10.02,9.76,10.0,13.64,79.49,62.85,2.783,2.778,0.111,0.0,0.0,,
24.8,10.06,10.23,10.0,13.64,79.63,62.99,2.794,2.778,0.222,0.0,0.0,,
24.85,10.1,9.76,10.0,13.64,79.77,63.12,2.806,2.778,0.222,0.0,0.0,,
24.9,10.15,10.23,10.0,13.64,79.91,63.27,2.819,2.778,0.278,0.0,0.0,,
24.95,10.21,9.76,10.0,13.64,80.05,63.4,2.836,2.778,0.333,0.0,0.0,,
25.0,10.28,10.23,10.0,13.63,80.2,63.54,2.856,2.778,0.389,0.0,0.0,,
25.05,10.36,9.76,10.0,13.63,80.34,63.68,2.878,2.778,0.444,0.0,0.0,,
25.1,10.44,10.23,10.0,13.62,80.49,63.82,2.9,2.778,0.444,0.0,0.0,,
25.15,10.49,9.76,10.0,13.61,80.63,63.96,2.914,2.778,0.278,0.0,0.0,,
25.2,10.51,10.23,10.0,13.61,80.78,64.1,2.919,2.778,0.111,0.0,0.0,,
25.25,10.49,9.76,10.0,13.6,80.92,64.24,2.914,2.778,-0.111,0.0,0.0,,
25.3,10.43,10.23,10.0,13.6,81.07,64.38,2.897,2.778,-0.333,0.0,0.0,,
25.35,10.35,9.76,10.0,13.59,81.21,64.51,2.875,2.778,-0.444,0.0,0.0,,
25.4,10.26,10.23,10.0,13.59,81.36,64.65,2.85,2.778,-0.5,0.0,0.0,,
25.45,10.17,9.76,10.0,13.58,81.5,64.79,2.825,2.778,-0.5,0.0,0.0,,
25.5,10.08,10.23,10.0,13.58,81.64,64.93,2.8,2.778,-0.5,0.0,0.0,,
25.55,10.03,9.76,10.0,13.58,81.78,65.07,2.786,2.778,-0.278,0.0,0.0,,
25.6,10.03,10.23,10.0,13.58,81.92,65.21,2.786,2.778,0.0,0.0,0.0,,
25.65,10.11,9.76,10.0,13.58,82.06,65.35,2.808,2.778,0.444,0.0,0.0,,
25.7,10.21,10.23,10.0,13.58,82.2,65.49,2.836,2.778,0.556,0.0,0.0,,
25.75,10.33,9.76,10.0,13.57,82.34,65.62,2.869,2.778,0.667,0.0,0.0,,
25.8,10.42,10.23,10.0,13.57,82.48,65.77,2.894,2.778,0.5,0.0,0.0,,
25.85,10.49,9.76,10.0,13.56,82.63,65.9,2.914,2.778,0.389,0.0,0.0,,
25.9,10.52,10.23,10.0,13.56,82.78,66.04,2.922,2.778,0.167,0.0,0.0,,
25.95,10.49,9.76,10.0,13.55,82.92,66.18,2.914,2.778,-0.167,0.0,0.0,,
26.0,10.42,10.23,10.0,13.54,83.07,66.32,2.894,2.778,-0.389,0.0,0.0,,
26.05,10.33,9.76,10.0,13.53,83.21,66.46,2.869,2.778,-0.5,0.0,0.0,,
26.1,10.24,10.23,10.0,13.53,83.35,66.6,2.844,2.778,-0.5,0.0,0.0,,
26.15,10.15,9.76,10.0,13.53,83.49,66.74,2.819,2.778,-0.5,0.0,0.0,,
26.2,10.08,10.23,10.0,13.53,83.64,66.88,2.8,2.778,-0.389,0.0,0.0,,
26.25,10.02,9.76,10.0,13.53,83.77,67.01,2.783,2.778,-0.333,0.0,0.0,,
26.3,9.97,10.23,10.0,13.53,83.91,67.15,2.769,2.778,-0.278,0.0,0.0,,
26.35,9.94,9.76,10.0,13.53,84.05,67.29,2.761,2.778,-0.167,0.0,0.0,,
26.4,9.92,10.23,10.0,13.53,84.19,67.43,2.756,2.778,-0.111,0.0,0.0,,
26.45,9.91,9.76,10.0,13.53,84.33,67.57,2.753,2.778,-0.056,0.0,0.0,,
26.5,9.9,10.23,10.0,13.53,84.46,67.71,2.75,2.778,-0.056,0.0,0.0,,
26.55,9.89,9.76,10.0,13.53,84.6,67.85,2.747,2.778,-0.056,0.0,0.0,,
26.6,9.89,10.23,10.0,13.54,84.74,67.99,2.747,2.778,0.0,0.0,0.0,,
26.65,9.9,9.76,10.0,13.54,84.88,68.12,2.75,2.778,0.056,0.0,0.0,,
26.7,9.92,10.23,10.0,13.54,85.01,68.27,2.756,2.778,0.111,0.0,0.0,,
26.75,9.95,9.76,10.0,13.54,85.15,68.4,2.764,2.778,0.167,0.0,0.0,,
26.8,9.99,10.23,10.0,13.54,85.29,68.54,2.775,2.778,0.222,0.0,0.0,,
26.85,10.04,9.76,10.0,13.54,85.43,68.68,2.789,2.778,0.278,0.0,0.0,,
26.9,10.08,10.23,10.0,13.54,85.57,68.82,2.8,2.778,0.222,0.0,0.0,,
26.95,10.11,9.76,10.0,13.53,85.71,68.96,2.808,2.778,0.167,0.0,0.0,,
27.0,10.12,10.23,10.0,13.54,85.85,69.1,2.811,2.778,0.056,0.0,0.0,,
27.05,10.11,9.76,10.0,13.53,85.99,69.24,2.808,2.778,-0.056,0.0,0.0,,
27.1,10.08,10.23,10.0,13.53,86.13,69.38,2.8,2.778,-0.167,0.0,0.0,,
27.15,10.04,9.76,10.0,13.53,86.27,69.51,2.789,2.778,-0.222,0.0,0.0,,
27.2,10.01,10.23,10.0,13.53,86.41,69.65,2.781,2.778,-0.167,0.0,0.0,,
27.25,10.0,9.76,10.0,13.53,86.55,69.79,2.778,2.778,-0.056,0.0,0.0,,
27.3,10.02,10.23,10.0,13.53,86.69,69.93,2.783,2.778,0.111,0.0,0.0,,
27.35,10.05,9.76,10.0,13.53,86.83,70.07,2.792,2.778,0.167,0.0,0.0,,
27.4,10.1,10.23,10.0,13.53,86.97,70.21,2.806,2.778,0.278,0.0,0.0,,
27.45,10.16,9.76,10.0,13.53,87.11,70.35,2.822,2.778,0.333,0.0,0.0,,
27.5,10.22,10.23,10.0,13.52,87.25,70.49,2.839,2.778,0.333,0.0,0.0,,
27.55,10.28,9.76,10.0,13.52,87.39,70.62,2.856,2.778,0.333,0.0,0.0,,
27.6,10.31,10.23,10.0,13.52,87.54,70.77,2.864,2.778,0.167,0.0,0.0,,
27.65,10.31,9.76,10.0,13.51,87.68,70.9,2.864,2.778,0.0,0.0,0.0,,
27.7,10.28,10.23,10.0,13.51,87.82,71.04,2.856,2.778,-0.167,0.0,0.0,,
27.75,10.23,9.76,10.0,13.5,87.96,71.18,2.842,2.778,-0.278,0.0,0.0,,
27.8,10.16,10.23,10.0,13.5,88.11,71.32,2.822,2.778,-0.389,0.0,0.0,,
27.85,10.09,9.76,10.0,13.5,88.25,71.46,2.803,2.778,-0.389,0.0,0.0,,
27.9,10.02,10.23,10.0,13.5,88.39,71.6,2.783,2.778,-0.389,0.0,0.0,,
27.95,9.96,9.76,10.0,13.5,88.52,71.74,2.767,2.778,-0.333,0.0,0.0,,
28.0,9.9,10.23,10.0,13.5,88.66,71.88,2.75,2.778,-0.333,0.0,0.0,,
28.05,9.87,9.76,10.0,13.5,88.8,72.01,2.742,2.778,-0.167,0.0,0.0,,
28.1,9.85,10.23,10.0,13.51,88.94,72.15,2.736,2.778,-0.111,0.0,0.0,,
28.15,9.83,9.76,10.0,13.5,89.07,72.29,2.731,2.778,-0.111,0.0,0.0,,
28.2,9.82,10.23,10.0,13.51,89.21,72.43,2.728,2.778,-0.056,0.0,0.0,,
28.25,9.83,9.76,10.0,13.51,89.35,72.57,2.731,2.778,0.056,0.0,0.0,,
28.3,9.84,10.23,10.0,13.51,89.48,72.71,2.733,2.778,0.056,0.0,0.0,,
28.35,9.87,9.76,10.0,13.51,89.62,72.85,2.742,2.778,0.167,0.0,0.0,,
28.4,9.9,10.23,10.0,13.52,89.76,72.99,2.75,2.778,0.167,0.0,0.0,,
28.45,9.95,9.76,10.0,13.52,89.89,73.12,2.764,2.778,0.278,0.0,0.0,,
28.5,9.99,10.23,10.0,13.52,90.03,73.27,2.775,2.778,0.222,0.0,0.0,,
28.55,10.02,9.76,10.0,13.52,90.17,73.4,2.783,2.778,0.167,0.0,0.0,,
28.6,10.03,10.23,10.0,13.52,90.31,73.54,2.786,2.778,0.056,0.0,0.0,,
28.65,10.03,9.76,10.0,13.52,90.45,73.68,2.786,2.778,0.0,0.0,0.0,,
28.7,10.02,10.23,10.0,13.52,90.59,73.82,2.783,2.778,-0.056,0.0,0.0,,
28.75,9.99,9.76,10.0,13.52,90.73,73.96,2.775,2.778,-0.167,0.0,0.0,,
28.8,9.96,10.23,10.0,13.52,90.87,74.1,2.767,2.778,-0.167,0.0,0.0,,
28.85,9.91,9.76,10.0,13.52,91.01,74.24,2.753,2.778,-0.278,0.0,0.0,,
28.9,9.86,10.23,10.0,13.52,91.14,74.38,2.739,2.778,-0.278,0.0,0.0,,
28.95,9.81,9.76,10.0,13.52,91.28,74.51,2.725,2.778,-0.278,0.0,0.0,,
29.0,9.78,10.23,10.0,13.53,91.42,74.65,2.717,2.778,-0.167,0.0,0.0,,
29.05,9.79,9.76,10.0,13.53,91.55,74.79,2.719,2.778,0.056,0.0,0.0,,
29.1,9.83,10.23,10.0,13.53,91.69,74.93,2.731,2.778,0.222,0.0,0.0,,
29.15,9.89,9.76,10.0,13.53,91.82,75.07,2.747,2.778,0.333,0.0,0.0,,
29.2,9.98,10.23,10.0,13.53,91.96,75.21,2.772,2.778,0.5,0.0,0.0,,
29.25,10.07,9.76,10.0,13.53,92.1,75.35,2.797,2.778,0.5,0.0,0.0,,
29.3,10.15,10.23,10.0,13.53,92.24,75.49,2.819,2.778,0.444,0.0,0.0,,
29.35,10.19,9.76,10.0,13.53,92.38,75.62,2.831,2.778,0.222,0.0,0.0,,
29.4,10.19,10.23,10.0,13.53,92.53,75.77,2.831,2.778,0.0,0.0,0.0,,
29.45,10.15,9.76,10.0,13.52,92.67,75.9,2.819,2.778,-0.222,0.0,0.0,,
29.5,10.11,10.23,10.0,13.52,92.81,76.04,2.808,2.778,-0.222,0.0,0.0,,
29.55,10.06,9.76,10.0,13.52,92.95,76.18,2.794,2.778,-0.278,0.0,0.0,,
29.6,10.0,10.23,10.0,13.52,93.09,76.32,2.778,2.778,-0.333,0.0,0.0,,
29.65,9.95,9.76,10.0,13.52,93.23,76.46,2.764,2.778,-0.278,0.0,0.0,,
29.7,9.93,10.23,10.0,13.52,93.36,76.6,2.758,2.778,-0.111,0.0,0.0,,
29.75,9.91,9.76,10.0,13.52,93.5,76.74,2.753,2.778,-0.111,0.0,0.0,,
29.8,9.92,10.23,10.0,13.53,93.64,76.88,2.756,2.778,0.056,0.0,0.0,,
29.85,9.93,9.76,10.0,13.52,93.78,77.01,2.758,2.778,0.056,0.0,0.0,,
29.9,9.95,10.23,10.0,13.53,93.91,77.15,2.764,2.778,0.111,0.0,0.0,,
29.95,9.97,9.76,10.0,13.53,94.05,77.29,2.769,2.778,0.111,0.0,0.0,,
30.0,10.01,10.23,10.0,13.53,94.19,77.43,2.781,2.778,0.222,0.0,0.0,,
30.05,10.05,9.76,10.0,13.53,94.33,77.57,2.792,2.778,0.222,0.0,0.0,,
30.1,10.1,10.23,10.0,13.53,94.47,77.71,2.806,2.778,0.278,0.0,0.0,,
30.15,10.15,9.76,10.0,13.52,94.61,77.85,2.819,2.778,0.278,0.0,0.0,,
30.2,10.21,10.23,10.0,13.52,94.75,77.99,2.836,2.778,0.333,0.0,0.0,,
30.25,10.24,9.76,10.0,13.52,94.9,78.12,2.844,2.778,0.167,0.0,0.0,,
30.3,10.25,10.23,10.0,13.52,95.04,78.27,2.847,2.778,0.056,0.0,0.0,,
30.35,10.24,9.76,10.0,13.51,95.18,78.4,2.844,2.778,-0.056,0.0,0.0,,
30.4,10.22,10.23,10.0,13.51,95.32,78.54,2.839,2.778,-0.111,0.0,0.0,,
30.45,10.17,9.76,10.0,13.5,95.46,78.68,2.825,2.778,-0.278,0.0,0.0,,
30.5,10.13,10.23,10.0,13.5,95.6,78.82,2.814,2.778,-0.222,0.0,0.0,,
30.55,10.08,9.76,10.0,13.5,95.74,78.96,2.8,2.778,-0.278,0.0,0.0,,
30.6,10.04,10.23,10.0,13.5,95.88,79.1,2.789,2.778,-0.222,0.0,0.0,,
30.65,10.0,9.76,10.0,13.5,96.02,79.24,2.778,2.778,-0.222,0.0,0.0,,
30.7,9.99,10.23,10.0,13.5,96.16,79.38,2.775,2.778,-0.056,0.0,0.0,,
30.75,9.99,9.76,10.0,13.5,96.3,79.51,2.775,2.778,0.0,0.0,0.0,,
30.8,10.0,10.23,10.0,13.5,96.44,79.65,2.778,2.778,0.056,0.0,0.0,,
30.85,10.02,9.76,10.0,13.5,96.58,79.79,2.783,2.778,0.111,0.0,0.0,,
30.9,10.04,10.23,10.0,13.5,96.72,79.93,2.789,2.778,0.111,0.0,0.0,,
30.95,10.04,9.76,10.0,13.5,96.86,80.07,2.789,2.778,0.0,0.0,0.0,,
31.0,10.02,10.23,10.0,13.5,97.0,80.21,2.783,2.778,-0.111,0.0,0.0,,
31.05,9.98,9.76,10.0,13.5,97.14,80.35,2.772,2.778,-0.222,0.0,0.0,,
31.1,9.93,10.23,10.0,13.5,97.27,80.49,2.758,2.778,-0.278,0.0,0.0,,
31.15,9.89,9.76,10.0,13.5,97.41,80.62,2.747,2.778,-0.222,0.0,0.0,,
31.2,9.86,10.23,10.0,13.5,97.55,80.77,2.739,2.778,-0.167,0.0,0.0,,
31.25,9.84,9.99,10.02,13.51,97.69,80.91,2.733,2.783,-0.111,0.111,0.0,,
31.3,9.84,10.24,10.02,13.51,97.82,81.05,2.733,2.783,0.0,0.0,0.0,,
31.35,9.87,9.76,10.02,13.51,97.96,81.18,2.742,2.783,0.167,0.0,0.0,,
31.4,9.91,10.23,10.02,13.52,98.1,81.32,2.753,2.783,0.222,0.0,0.0,,
31.45,9.97,9.76,10.02,13.51,98.23,81.46,2.769,2.783,0.333,0.0,0.0,,
31.5,10.02,10.23,10.02,13.52,98.37,81.6,2.783,2.783,0.278,0.0,0.0,,
31.55,10.07,9.76,10.02,13.51,98.51,81.74,2.797,2.783,0.278,0.0,0.0,,
31.6,10.1,10.23,10.02,13.51,98.65,81.88,2.806,2.783,0.167,0.0,0.0,,
31.65,10.11,9.76,10.02,13.51,98.79,82.02,2.808,2.783,0.056,0.0,0.0,,
31.7,10.11,10.23,10.02,13.51,98.93,82.16,2.808,2.783,0.0,0.0,0.0,,
31.75,10.09,9.76,10.0,13.51,99.07,82.29,2.803,2.778,-0.111,-0.111,0.0,,
31.8,10.06,10.23,10.0,13.51,99.21,82.43,2.794,2.778,-0.167,0.0,0.0,,
31.85,10.03,9.76,10.0,13.51,99.35,82.57,2.786,2.778,-0.167,0.0,0.0,,
31.9,10.01,10.23,10.0,13.51,99.49,82.71,2.781,2.778,-0.111,0.0,0.0,,
31.95,10.02,9.76,10.0,13.51,99.63,82.85,2.783,2.778,0.056,0.0,0.0,,
32.0,10.05,10.23,10.0,13.51,99.77,82.99,2.792,2.778,0.167,0.0,0.0,,
32.05,10.09,9.76,10.0,13.5,99.91,83.13,2.803,2.778,0.222,0.0,0.0,,
32.1,10.14,10.23,10.0,13.5,100.05,83.27,2.817,2.778,0.278,0.0,0.0,,
32.15,10.2,9.76,10.0,13.5,100.19,83.41,2.833,2.778,0.333,0.0,0.0,,
32.2,10.24,10.23,10.0,13.5,100.33,83.55,2.844,2.778,0.222,0.0,0.0,,
32.25,10.25,9.76,10.0,13.49,100.48,83.68,2.847,2.778,0.056,0.0,0.0,,
32.3,10.22,10.23,10.0,13.49,100.62,83.82,2.839,2.778,-0.167,0.0,0.0,,
32.35,10.16,9.76,10.0,13.49,100.76,83.96,2.822,2.778,-0.333,0.0,0.0,,
32.4,10.08,10.23,10.0,13.49,100.9,84.1,2.8,2.778,-0.444,0.0,0.0,,
32.45,9.97,9.76,10.0,13.49,101.04,84.24,2.769,2.778,-0.611,0.0,0.0,,
32.5,9.86,10.23,10.0,13.49,101.18,84.38,2.739,2.778,-0.611,0.0,0.0,,
32.55,9.77,9.76,10.0,13.49,101.31,84.52,2.714,2.778,-0.5,0.0,0.0,,
32.6,9.71,10.23,10.0,13.5,101.45,84.66,2.697,2.778,-0.333,0.0,0.0,,
32.65,9.66,9.76,10.0,13.5,101.58,84.79,2.683,2.778,-0.278,0.0,0.0,,START
32.7,9.6,10.01,9.98,13.5,101.72,84.93,2.667,2.772,-0.333,-0.111,0.0,,
32.75,9.57,9.1,9.91,13.5,101.85,85.06,2.658,2.753,-0.167,-0.389,0.0,,
32.8,9.57,5.8,9.47,13.47,101.98,85.17,2.658,2.631,0.0,-2.444,0.0,,
32.85,9.57,4.6,8.95,13.42,102.12,85.25,2.658,2.486,0.0,-2.889,0.0,,
32.9,9.59,4.35,8.36,13.37,102.25,85.33,2.664,2.322,0.111,-3.278,0.0,,
32.95,9.6,4.02,7.79,13.31,102.38,85.4,2.667,2.164,0.056,-3.167,0.0,,
33.0,9.6,3.61,7.12,13.25,102.52,85.47,2.667,1.978,0.0,-3.722,0.0,,
33.05,9.56,3.15,6.46,13.18,102.65,85.54,2.656,1.794,-0.222,-3.667,0.0,,
33.1,9.5,2.63,5.7,13.1,102.78,85.6,2.639,1.583,-0.333,-4.222,0.0,,
33.15,9.41,2.08,4.94,13.02,102.91,85.65,2.614,1.372,-0.5,-4.222,0.0,,
33.2,9.31,1.5,4.08,12.94,103.04,85.69,2.586,1.133,-0.556,-4.778,0.0,,
33.25,9.21,0.92,3.27,12.85,103.17,85.73,2.558,0.908,-0.556,-4.5,0.0,,
33.3,9.12,0.13,2.7,12.73,103.3,85.74,2.533,0.75,-0.5,-3.167,0.0,,
33.35,9.05,0.28,2.27,12.6,103.42,85.74,2.514,0.631,-0.389,-2.389,0.0,,
33.4,8.97,0.36,1.87,12.48,103.55,85.74,2.492,0.519,-0.444,-2.222,0.0,,
33.45,8.9,0.39,1.51,12.36,103.67,85.75,2.472,0.419,-0.389,-2.0,0.0,,
33.5,8.82,0.38,1.18,12.24,103.8,85.75,2.45,0.328,-0.444,-1.833,0.0,,
33.55,8.76,0.33,0.9,12.12,103.92,85.76,2.433,0.25,-0.333,-1.556,0.0,,
33.6,8.73,0.27,0.66,12.01,104.04,85.76,2.425,0.183,-0.167,-1.333,0.0,,
33.65,8.72,0.2,0.48,11.89,104.16,85.76,2.422,0.133,-0.056,-1.0,0.0,,
33.7,8.74,0.14,0.34,11.77,104.28,85.77,2.428,0.094,0.111,-0.778,0.0,,
33.75,8.78,0.08,0.26,11.65,104.4,85.77,2.439,0.072,0.222,-0.444,0.0,,
33.8,8.81,0.04,0.25,11.53,104.53,85.77,2.447,0.069,0.167,-0.056,0.0,,
33.85,8.82,0.04,0.22,11.41,104.65,85.77,2.45,0.061,0.056,-0.167,0.0,,
33.9,8.79,0.05,0.19,11.28,104.77,85.77,2.442,0.053,-0.167,-0.167,0.0,,
33.95,8.73,0.06,0.16,11.16,104.89,85.77,2.425,0.044,-0.333,-0.167,0.0,,
34.0,8.63,0.06,0.13,11.04,105.01,85.77,2.397,0.036,-0.556,-0.167,0.0,,
34.05,8.51,0.05,0.1,10.92,105.13,85.77,2.364,0.028,-0.667,-0.167,0.0,,
34.1,8.38,0.05,0.08,10.81,105.25,85.77,2.328,0.022,-0.722,-0.111,0.0,,
34.15,8.25,0.03,0.06,10.69,105.36,85.78,2.292,0.017,-0.722,-0.111,0.0,,
34.2,8.14,0.02,0.05,10.58,105.48,85.78,2.261,0.014,-0.611,-0.056,0.0,,
34.25,8.08,0.01,0.04,10.46,105.59,85.78,2.244,0.011,-0.333,-0.056,0.0,,
34.3,8.06,0.01,0.04,10.35,105.7,85.78,2.239,0.011,-0.111,0.0,0.0,,
34.35,8.04,0.0,0.03,10.24,105.81,85.78,2.233,0.008,-0.111,-0.056,0.0,,
34.4,8.0,0.01,0.03,10.13,105.93,85.78,2.222,0.008,-0.222,0.0,0.0,,
34.45,7.94,0.01,0.03,10.02,106.04,85.78,2.206,0.008,-0.333,0.0,0.0,,
34.5,7.85,0.01,0.02,9.91,106.15,85.78,2.181,0.006,-0.5,-0.056,0.0,,
34.55,7.72,0.0,0.01,9.8,106.25,85.78,2.144,0.003,-0.722,-0.056,0.0,,
34.6,7.57,0.0,0.01,9.69,106.36,85.78,2.103,0.003,-0.833,0.0,0.0,,
34.65,7.36,0.0,0.01,9.59,106.46,85.78,2.044,0.003,-1.167,0.0,0.0,,
34.7,7.13,0.0,0.0,9.49,106.56,85.78,1.981,0.0,-1.278,-0.056,0.0,0.99,END
34.75,6.94,0.0,0.0,9.39,106.66,85.78,1.928,0.0,-1.056,0.0,0.0,,
34.8,6.71,0.0,0.0,9.3,106.75,85.78,1.864,0.0,-1.278,0.0,0.0,,
34.85,6.3,0.0,0.0,9.21,106.84,85.78,1.75,0.0,-2.278,0.0,0.0,,
34.9,5.84,0.0,0.0,9.12,106.93,85.78,1.622,0.0,-2.556,0.0,0.0,,
34.95,5.37,0.0,0.0,9.05,107.01,85.78,1.492,0.0,-2.611,0.0,0.0,,
35.0,4.9,0.0,0.0,8.98,107.08,85.78,1.361,0.0,-2.611,0.0,0.0,,
35.05,4.42,0.0,0.0,8.91,107.14,85.78,1.228,0.0,-2.667,0.0,0.0,,
35.1,4.09,0.0,0.0,8.86,107.2,85.78,1.136,0.0,-1.833,0.0,0.0,,
35.15,3.63,0.0,0.0,8.8,107.25,85.78,1.008,0.0,-2.556,0.0,0.0,,
35.2,1.47,0.0,0.0,8.77,107.29,85.78,0.408,0.0,-12.0,0.0,0.0,,
35.25,0.01,0.0,0.0,8.76,107.29,85.78,0.003,0.0,-8.111,0.0,0.0,,
35.3,0.0,0.0,0.0,8.76,107.29,85.78,0.0,0.0,-0.056,0.0,0.0,,
35.35,0.0,0.0,0.0,8.76,107.29,85.78,0.0,0.0,0.0,0.0,0.0,,
35.4,0.0,0.0,0.0,8.76,107.29,85.78,0.0,0.0,0.0,0.0,0.0,,
35.45,0.0,0.0,0.0,8.76,107.29,85.78,0.0,0.0,0.0,0.0,0.0,,
35.5,0.0,0.0,0.0,8.76,107.29,85.78,0.0,0.0,0.0,0.0,0.0,,
35.55,0.0,0.0,0.0,8.76,107.29,85.78,0.0,0.0,0.0,0.0,0.0,,
35.6,0.0,0.0,0.0,8.76,107.29,85.78,0.0,0.0,0.0,0.0,0.0,,
35.65,0.0,0.0,0.0,8.76,107.29,85.78,0.0,0.0,0.0,0.0,0.0,,
35.7,0.0,0.0,0.0,8.76,107.29,85.78,0.0,0.0,0.0,0.0,0.0,,
35.75,0.0,0.0,0.0,8.76,107.29,85.78,0.0,0.0,0.0,0.0,0.0,,
35.8,0.0,0.0,0.0,8.76,107.29,85.78,0.0,0.0,0.0,0.0,0.0,,
35.85,0.0,0.0,0.0,8.76,107.29,85.78,0.0,0.0,0.0,0.0,0.0,,
35.9,0.0,0.0,0.0,8.76,107.29,85.78,0.0,0.0,0.0,0.0,0.0,,
35.95,0.0,0.0,0.0,8.76,107.29,85.78,0.0,0.0,0.0,0.0,0.0,,
36.0,0.0,0.0,0.0,8.76,107.29,85.78,0.0,0.0,0.0,0.0,0.0,,
36.05,0.0,0.0,0.0,8.76,107.3,85.78,0.0,0.0,0.0,0.0,0.0,,
36.1,0.0,0.0,0.0,8.76,107.3,85.78,0.0,0.0,0.0,0.0,0.0,,
36.15,0.0,0.0,0.0,8.76,107.3,85.78,0.0,0.0,0.0,0.0,0.0,,
36.2,0.0,0.0,0.0,8.76,107.3,85.78,0.0,0.0,0.0,0.0,0.0,,
36.25,0.0,0.0,0.0,8.76,107.3,85.78,0.0,0.0,0.0,0.0,0.0,,
36.3,0.0,0.0,0.0,8.76,107.3,85.78,0.0,0.0,0.0,0.0,0.0,,
36.35,0.0,0.0,0.0,8.76,107.3,85.78,0.0,0.0,0.0,0.0,0.0,,
36.4,0.0,0.0,0.0,8.76,107.3,85.78,0.0,0.0,0.0,0.0,0.0,,
36.45,0.0,0.0,0.0,8.76,107.3,85.78,0.0,0.0,0.0,0.0,0.0,,
36.5,0.0,0.0,0.0,8.76,107.3,85.78,0.0,0.0,0.0,0.0,0.0,,
36.55,0.0,0.0,0.0,8.76,107.3,85.78,0.0,0.0,0.0,0.0,0.0,,
36.6,0.0,0.0,0.0,8.76,107.3,85.78,0.0,0.0,0.0,0.0,0.0,,
36.65,0.0,0.0,0.0,8.76,107.3,85.78,0.0,0.0,0.0,0.0,0.0,,
36.7,0.0,0.0,0.0,8.76,107.3,85.78,0.0,0.0,0.0,0.0,0.0,,
36.75,0.0,0.0,0.0,8.76,107.3,85.78,0.0,0.0,0.0,0.0,0.0,,
36.8,0.0,0.0,0.0,8.76,107.3,85.78,0.0,0.0,0.0,0.0,0.0,,
36.85,0.0,0.0,0.0,8.76,107.3,85.78,0.0,0.0,0.0,0.0,0.0,,
36.9,0.0,0.0,0.0,8.76,107.3,85.78,0.0,0.0,0.0,0.0,0.0,,
36.95,0.0,0.0,0.0,8.76,107.3,85.78,0.0,0.0,0.0,0.0,0.0,,
37.0,0.0,0.0,0.0,8.76,107.3,85.78,0.0,0.0,0.0,0.0,0.0,,
37.05,0.0,0.0,0.0,8.76,107.3,85.78,0.0,0.0,0.0,0.0,0.0,,
37.1,0.0,0.0,0.0,8.76,107.3,85.78,0.0,0.0,0.0,0.0,0.0,,
37.15,0.0,0.0,0.0,8.76,107.3,85.78,0.0,0.0,0.0,0.0,0.0,,
37.2,0.0,0.0,0.0,8.76,107.3,85.78,0.0,0.0,0.0,0.0,0.0,,
37.25,0.0,0.0,0.0,8.76,107.3,85.78,0.0,0.0,0.0,0.0,0.0,,
37.3,0.0,0.0,0.0,8.76,107.3,85.78,0.0,0.0,0.0,0.0,0.0,,
37.35,0.0,0.0,0.0,8.76,107.3,85.78,0.0,0.0,0.0,0.0,0.0,,
37.4,0.0,0.0,0.0,8.76,107.3,85.78,0.0,0.0,0.0,0.0,0.0,,
37.45,0.0,0.0,0.0,8.76,107.3,85.78,0.0,0.0,0.0,0.0,0.0,,
37.5,0.0,0.0,0.0,8.76,107.3,85.78,0.0,0.0,0.0,0.0,0.0,,
37.55,0.0,0.0,0.0,8.76,107.3,85.78,0.0,0.0,0.0,0.0,0.0,,
37.6,0.0,0.0,0.0,8.76,107.3,85.78,0.0,0.0,0.0,0.0,0.0,,
37.65,0.0,0.0,0.0,8.76,107.3,85.78,0.0,0.0,0.0,0.0,0.0,,
37.7,0.0,0.0,0.0,8.76,107.3,85.78,0.0,0.0,0.0,0.0,0.0,,
37.75,0.0,0.0,0.0,8.76,107.3,85.78,0.0,0.0,0.0,0.0,0.0,,
37.8,0.0,0.0,0.0,8.76,107.3,85.78,0.0,0.0,0.0,0.0,0.0,,
37.85,0.0,0.0,0.0,8.76,107.3,85.78,0.0,0.0,0.0,0.0,0.0,,
37.9,0.0,0.0,0.0,8.76,107.3,85.78,0.0,0.0,0.0,0.0,0.0,,
37.95,0.0,0.0,0.0,8.76,107.3,85.78,0.0,0.0,0.0,0.0,0.0,,
38.0,0.0,0.0,0.0,8.76,107.3,85.78,0.0,0.0,0.0,0.0,0.0,,
38.05,0.0,0.0,0.0,8.76,107.3,85.78,0.0,0.0,0.0,0.0,0.0,,
38.1,0.0,0.0,0.0,8.76,107.3,85.78,0.0,0.0,0.0,0.0,0.0,,
38.15,0.0,0.0,0.0,8.76,107.3,85.78,0.0,0.0,0.0,0.0,0.0,,
38.2,0.0,0.0,0.0,8.76,107.3,85.78,0.0,0.0,0.0,0.0,0.0,,
38.25,0.0,0.0,0.0,8.76,107.3,85.78,0.0,0.0,0.0,0.0,0.0,,
38.3,0.0,0.0,0.0,8.76,107.3,85.78,0.0,0.0,0.0,0.0,0.0,,
38.35,0.0,0.0,0.0,8.76,107.3,85.78,0.0,0.0,0.0,0.0,0.0,,
38.4,0.0,0.0,0.0,8.76,107.3,85.78,0.0,0.0,0.0,0.0,0.0,,
38.45,0.0,0.0,0.0,8.76,107.3,85.78,0.0,0.0,0.0,0.0,0.0,,
38.5,0.0,0.0,0.0,8.76,107.3,85.78,0.0,0.0,0.0,0.0,0.0,,
38.55,0.0,0.0,0.0,8.76,107.3,85.78,0.0,0.0,0.0,0.0,0.0,,
38.6,0.0,0.0,0.0,8.76,107.3,85.78,0.0,0.0,0.0,0.0,0.0,,
38.65,0.0,0.0,0.0,8.76,107.3,85.78,0.0,0.0,0.0,0.0,0.0,,
38.7,0.0,0.0,0.0,8.76,107.3,85.78,0.0,0.0,0.0,0.0,0.0,,
38.75,0.0,0.0,0.0,8.76,107.3,85.78,0.0,0.0,0.0,0.0,0.0,,
38.8,0.0,0.0,0.0,8.76,107.3,85.78,0.0,0.0,0.0,0.0,0.0,,
38.85,0.0,0.0,0.0,8.76,107.3,85.78,0.0,0.0,0.0,0.0,0.0,,
38.9,0.0,0.0,0.0,8.76,107.3,85.78,0.0,0.0,0.0,0.0,0.0,,
38.95,0.0,0.0,0.0,8.76,107.3,85.78,0.0,0.0,0.0,0.0,0.0,,
39.0,0.0,0.0,0.0,8.76,107.3,85.78,0.0,0.0,0.0,0.0,0.0,,
39.05,0.0,0.0,0.0,8.76,107.3,85.78,0.0,0.0,0.0,0.0,0.0,,
39.1,0.0,0.0,0.0,8.76,107.3,85.78,0.0,0.0,0.0,0.0,0.0,,
39.15,0.0,0.0,0.0,8.76,107.3,85.78,0.0,0.0,0.0,0.0,0.0,,
39.2,0.0,0.0,0.0,8.76,107.3,85.78,0.0,0.0,0.0,0.0,0.0,,
39.25,0.0,0.0,0.0,8.76,107.3,85.78,0.0,0.0,0.0,0.0,0.0,,
39.3,0.0,0.0,0.0,8.76,107.3,85.78,0.0,0.0,0.0,0.0,0.0,,
39.35,0.0,0.0,0.0,8.76,107.3,85.78,0.0,0.0,0.0,0.0,0.0,,
39.4,0.0,0.0,0.0,8.76,107.3,85.78,0.0,0.0,0.0,0.0,0.0,,
39.45,0.0,0.0,0.0,8.76,107.3,85.78,0.0,0.0,0.0,0.0,0.0,,
39.5,0.0,0.0,0.0,8.76,107.3,85.78,0.0,0.0,0.0,0.0,0.0,,
39.55,0.0,0.0,0.0,8.76,107.3,85.78,0.0,0.0,0.0,0.0,0.0,,
39.6,0.0,0.0,0.0,8.76,107.3,85.78,0.0,0.0,0.0,0.0,0.0,,
39.65,0.0,0.0,0.0,8.76,107.3,85.78,0.0,0.0,0.0,0.0,0.0,,
39.7,0.0,0.0,0.0,8.76,107.3,85.78,0.0,0.0,0.0,0.0,0.0,,
39.75,0.0,0.0,0.0,8.76,107.3,85.78,0.0,0.0,0.0,0.0,0.0,,
39.8,0.0,0.0,0.0,8.76,107.3,85.78,0.0,0.0,0.0,0.0,0.0,,
39.85,0.0,0.0,0.0,8.76,107.3,85.78,0.0,0.0,0.0,0.0,0.0,,
39.9,0.0,0.0,0.0,8.76,107.3,85.78,0.0,0.0,0.0,0.0,0.0,,
39.95,0.0,0.0,0.0,8.76,107.3,85.78,0.0,0.0,0.0,0.0,0.0,,
40.0,0.0,0.0,0.0,8.76,107.3,85.78,0.0,0.0,0.0,0.0,0.0,,
40.05,0.0,0.0,0.0,8.76,107.3,85.78,0.0,0.0,0.0,0.0,0.0,,
40.1,0.0,0.0,0.0,8.76,107.3,85.78,0.0,0.0,0.0,0.0,0.0,,
40.15,0.0,0.0,0.0,8.76,107.3,85.78,0.0,0.0,0.0,0.0,0.0,,
40.2,0.0,0.0,0.0,8.76,107.3,85.78,0.0,0.0,0.0,0.0,0.0,,
40.25,0.0,0.0,0.0,8.76,107.3,85.78,0.0,0.0,0.0,0.0,0.0,,
40.3,0.0,0.0,0.0,8.76,107.3,85.78,0.0,0.0,0.0,0.0,0.0,,
40.35,0.0,0.0,0.0,8.76,107.3,85.78,0.0,0.0,0.0,0.0,0.0,,
40.4,0.0,0.0,0.0,8.76,107.3,85.78,0.0,0.0,0.0,0.0,0.0,,
40.45,0.0,0.0,0.0,8.76,107.3,85.78,0.0,0.0,0.0,0.0,0.0,,
40.5,0.0,0.0,0.0,8.76,107.3,85.78,0.0,0.0,0.0,0.0,0.0,,
40.55,0.0,0.0,0.0,8.76,107.3,85.78,0.0,0.0,0.0,0.0,0.0,,
40.6,0.0,0.0,0.0,8.76,107.3,85.78,0.0,0.0,0.0,0.0,0.0,,
40.65,0.0,0.0,0.0,8.76,107.3,85.78,0.0,0.0,0.0,0.0,0.0,,
40.7,0.0,0.0,0.0,8.76,107.3,85.78,0.0,0.0,0.0,0.0,0.0,,
40.75,0.0,0.0,0.0,8.76,107.3,85.78,0.0,0.0,0.0,0.0,0.0,,
40.8,0.0,0.0,0.0,8.76,107.3,85.78,0.0,0.0,0.0,0.0,0.0,,
40.85,0.0,0.0,0.0,8.76,107.3,85.78,0.0,0.0,0.0,0.0,0.0,,
40.9,0.0,0.0,0.0,8.76,107.3,85.78,0.0,0.0,0.0,0.0,0.0,,
40.95,0.0,0.0,0.0,8.76,107.3,85.78,0.0,0.0,0.0,0.0,0.0,,
41.0,0.0,0.0,0.0,8.76,107.3,85.78,0.0,0.0,0.0,0.0,0.0,,
41.05,0.0,0.0,0.0,8.76,107.3,85.78,0.0,0.0,0.0,0.0,0.0,,
41.1,0.0,0.0,0.0,8.76,107.3,85.78,0.0,0.0,0.0,0.0,0.0,,
41.15,0.0,0.0,0.0,8.76,107.3,85.78,0.0,0.0,0.0,0.0,0.0,,
41.2,0.0,0.0,0.0,8.76,107.3,85.78,0.0,0.0,0.0,0.0,0.0,,
41.25,0.0,0.0,0.0,8.76,107.3,85.78,0.0,0.0,0.0,0.0,0.0,,
41.3,0.0,0.0,0.0,8.76,107.3,85.78,0.0,0.0,0.0,0.0,0.0,,
41.35,0.0,0.0,0.0,8.76,107.3,85.78,0.0,0.0,0.0,0.0,0.0,,
41.4,0.0,0.0,0.0,8.76,107.3,85.78,0.0,0.0,0.0,0.0,0.0,,
41.45,0.0,0.0,0.0,8.76,107.3,85.78,0.0,0.0,0.0,0.0,0.0,,
41.5,0.0,0.0,0.0,8.76,107.3,85.78,0.0,0.0,0.0,0.0,0.0,,
41.55,0.0,0.0,0.0,8.76,107.3,85.78,0.0,0.0,0.0,0.0,0.0,,
41.6,0.0,0.0,0.0,8.76,107.3,85.78,0.0,0.0,0.0,0.0,0.0,,
41.65,0.0,0.0,0.0,8.76,107.3,85.78,0.0,0.0,0.0,0.0,0.0,,
41.7,0.0,0.0,0.0,8.76,107.3,85.78,0.0,0.0,0.0,0.0,0.0,,
41.75,0.0,0.0,0.0,8.76,107.3,85.78,0.0,0.0,0.0,0.0,0.0,,
41.8,0.0,0.0,0.0,8.76,107.3,85.78,0.0,0.0,0.0,0.0,0.0,,
41.85,0.0,0.0,0.0,8.76,107.3,85.78,0.0,0.0,0.0,0.0,0.0,,
41.9,0.0,0.0,0.0,8.76,107.3,85.78,0.0,0.0,0.0,0.0,0.0,,
41.95,0.0,0.0,0.0,8.76,107.3,85.78,0.0,0.0,0.0,0.0,0.0,,
42.0,0.0,0.0,0.0,8.76,107.3,85.78,0.0,0.0,0.0,0.0,0.0,,
42.05,0.0,0.0,0.0,8.76,107.3,85.78,0.0,0.0,0.0,0.0,0.0,,
42.1,0.0,0.0,0.0,8.76,107.3,85.78,0.0,0.0,0.0,0.0,0.0,,
42.15,0.0,0.0,0.0,8.76,107.3,85.78,0.0,0.0,0.0,0.0,0.0,,
42.2,0.0,0.0,0.0,8.76,107.3,85.78,0.0,0.0,0.0,0.0,0.0,,
42.25,0.0,0.0,0.0,8.76,107.3,85.78,0.0,0.0,0.0,0.0,0.0,,
42.3,0.0,0.0,0.0,8.76,107.3,85.78,0.0,0.0,0.0,0.0,0.0,,
42.35,0.0,0.0,0.0,8.76,107.3,85.78,0.0,0.0,0.0,0.0,0.0,,
42.4,0.0,0.0,0.0,8.76,107.3,85.78,0.0,0.0,0.0,0.0,0.0,,
42.45,0.0,0.0,0.0,8.76,107.3,85.78,0.0,0.0,0.0,0.0,0.0,,
42.5,0.0,0.0,0.0,8.76,107.3,85.78,0.0,0.0,0.0,0.0,0.0,,
42.55,0.0,0.0,0.0,8.76,107.3,85.78,0.0,0.0,0.0,0.0,0.0,,
42.6,0.0,0.0,0.0,8.76,107.3,85.78,0.0,0.0,0.0,0.0,0.0,,
42.65,0.0,0.0,0.0,8.76,107.3,85.78,0.0,0.0,0.0,0.0,0.0,,
42.7,0.0,0.0,0.0,8.76,107.3,85.78,0.0,0.0,0.0,0.0,0.0,,
42.75,0.0,0.0,0.0,8.76,107.3,85.78,0.0,0.0,0.0,0.0,0.0,,
42.8,0.0,0.0,0.0,8.76,107.3,85.78,0.0,0.0,0.0,0.0,0.0,,
42.85,0.0,0.0,0.0,8.76,107.3,85.78,0.0,0.0,0.0,0.0,0.0,,
42.9,0.0,0.0,0.0,8.76,107.3,85.78,0.0,0.0,0.0,0.0,0.0,,
42.95,0.0,0.0,0.0,8.76,107.3,85.78,0.0,0.0,0.0,0.0,0.0,,
43.0,0.0,0.0,0.0,8.76,107.3,85.78,0.0,0.0,0.0,0.0,0.0,,
43.05,0.0,0.0,0.0,8.76,107.3,85.78,0.0,0.0,0.0,0.0,0.0,,
43.1,0.0,0.0,0.0,8.76,107.3,85.78,0.0,0.0,0.0,0.0,0.0,,
43.15,0.0,0.0,0.0,8.76,107.3,85.78,0.0,0.0,0.0,0.0,0.0,,
43.2,0.0,0.0,0.0,8.76,107.3,85.78,0.0,0.0,0.0,0.0,0.0,,
43.25,0.0,0.0,0.0,8.76,107.3,85.78,0.0,0.0,0.0,0.0,0.0,,
43.3,0.0,0.0,0.0,8.76,107.3,85.78,0.0,0.0,0.0,0.0,0.0,,
43.35,0.0,0.0,0.0,8.76,107.3,85.78,0.0,0.0,0.0,0.0,0.0,,
43.4,0.0,0.0,0.0,8.76,107.3,85.78,0.0,0.0,0.0,0.0,0.0,,
43.45,0.0,0.0,0.0,8.76,107.3,85.78,0.0,0.0,0.0,0.0,0.0,,
43.5,0.0,0.0,0.0,8.76,107.3,85.78,0.0,0.0,0.0,0.0,0.0,,
43.55,0.0,0.0,0.0,8.76,107.3,85.78,0.0,0.0,0.0,0.0,0.0,,
43.6,0.0,0.0,0.0,8.76,107.3,85.78,0.0,0.0,0.0,0.0,0.0,,
43.65,0.0,0.0,0.0,8.76,107.3,85.78,0.0,0.0,0.0,0.0,0.0,,
43.7,0.0,0.0,0.0,8.76,107.3,85.78,0.0,0.0,0.0,0.0,0.0,,
43.75,0.0,0.0,0.0,8.76,107.3,85.78,0.0,0.0,0.0,0.0,0.0,,
43.8,0.0,0.0,0.0,8.76,107.3,85.78,0.0,0.0,0.0,0.0,0.0,,
43.85,0.0,0.0,0.0,8.76,107.3,85.78,0.0,0.0,0.0,0.0,0.0,,
43.9,0.0,0.0,0.0,8.76,107.3,85.78,0.0,0.0,0.0,0.0,0.0,,
43.95,0.0,0.0,0.0,8.76,107.3,85.78,0.0,0.0,0.0,0.0,0.0,,
44.0,0.0,0.0,0.0,8.76,107.3,85.78,0.0,0.0,0.0,0.0,0.0,,
44.05,0.0,0.0,0.0,8.76,107.3,85.78,0.0,0.0,0.0,0.0,0.0,,
44.1,0.0,0.0,0.0,8.76,107.3,85.78,0.0,0.0,0.0,0.0,0.0,,
44.15,0.0,0.0,0.0,8.76,107.3,85.78,0.0,0.0,0.0,0.0,0.0,,
44.2,0.0,0.0,0.0,8.76,107.3,85.78,0.0,0.0,0.0,0.0,0.0,,
44.25,0.0,0.0,0.0,8.76,107.3,85.78,0.0,0.0,0.0,0.0,0.0,,
44.3,0.0,0.0,0.0,8.76,107.3,85.78,0.0,0.0,0.0,0.0,0.0,,
44.35,0.0,0.0,0.0,8.76,107.3,85.78,0.0,0.0,0.0,0.0,0.0,,
44.4,0.0,0.0,0.0,8.76,107.3,85.78,0.0,0.0,0.0,0.0,0.0,,
44.45,0.0,0.0,0.0,8.76,107.3,85.78,0.0,0.0,0.0,0.0,0.0,,
44.5,0.0,0.0,0.0,8.76,107.3,85.78,0.0,0.0,0.0,0.0,0.0,,
44.55,0.0,0.0,0.0,8.76,107.3,85.78,0.0,0.0,0.0,0.0,0.0,,
44.6,0.0,0.0,0.0,8.76,107.3,85.78,0.0,0.0,0.0,0.0,0.0,,
44.65,0.0,0.0,0.0,8.76,107.3,85.78,0.0,0.0,0.0,0.0,0.0,,
44.7,0.0,0.0,0.0,8.76,107.3,85.78,0.0,0.0,0.0,0.0,0.0,,
44.75,0.0,0.0,0.0,8.76,107.3,85.78,0.0,0.0,0.0,0.0,0.0,,
44.8,0.0,0.0,0.0,8.76,107.3,85.78,0.0,0.0,0.0,0.0,0.0,,
44.85,0.0,0.0,0.0,8.76,107.3,85.78,0.0,0.0,0.0,0.0,0.0,,
44.9,0.0,0.0,0.0,8.76,107.3,85.78,0.0,0.0,0.0,0.0,0.0,,
44.95,0.0,0.0,0.0,8.76,107.3,85.78,0.0,0.0,0.0,0.0,0.0,,
45.0,0.0,0.0,0.0,8.76,107.3,85.78,0.0,0.0,0.0,0.0,0.0,,
45.05,0.0,0.0,0.0,8.76,107.3,85.78,0.0,0.0,0.0,0.0,0.0,,
45.1,0.0,0.0,0.0,8.76,107.3,85.78,0.0,0.0,0.0,0.0,0.0,,
45.15,0.0,0.0,0.0,8.76,107.3,85.78,0.0,0.0,0.0,0.0,0.0,,
45.2,0.0,0.0,0.0,8.76,107.3,85.78,0.0,0.0,0.0,0.0,0.0,,
45.25,0.0,0.0,0.0,8.76,107.3,85.78,0.0,0.0,0.0,0.0,0.0,,
45.3,0.0,0.0,0.0,8.76,107.3,85.78,0.0,0.0,0.0,0.0,0.0,,
45.35,0.0,0.0,0.0,8.76,107.3,85.78,0.0,0.0,0.0,0.0,0.0,,
45.4,0.0,0.0,0.0,8.76,107.3,85.78,0.0,0.0,0.0,0.0,0.0,,
45.45,0.0,0.0,0.0,8.76,107.3,85.78,0.0,0.0,0.0,0.0,0.0,,
45.5,0.0,0.0,0.0,8.76,107.3,85.78,0.0,0.0,0.0,0.0,0.0,,
45.55,0.0,0.0,0.0,8.76,107.3,85.78,0.0,0.0,0.0,0.0,0.0,,
45.6,0.0,0.0,0.0,8.76,107.3,85.78,0.0,0.0,0.0,0.0,0.0,,
45.65,0.0,0.0,0.0,8.76,107.3,85.78,0.0,0.0,0.0,0.0,0.0,,
45.7,0.0,0.0,0.0,8.76,107.3,85.78,0.0,0.0,0.0,0.0,0.0,,
45.75,0.0,0.0,0.0,8.76,107.3,85.78,0.0,0.0,0.0,0.0,0.0,,
45.8,0.0,0.0,0.0,8.76,107.3,85.78,0.0,0.0,0.0,0.0,0.0,,
45.85,0.0,0.0,0.0,8.76,107.3,85.78,0.0,0.0,0.0,0.0,0.0,,
45.9,0.0,0.0,0.0,8.76,107.3,85.78,0.0,0.0,0.0,0.0,0.0,,
45.95,0.0,0.0,0.0,8.76,107.3,85.78,0.0,0.0,0.0,0.0,0.0,,
46.0,0.0,0.0,0.0,8.76,107.3,85.78,0.0,0.0,0.0,0.0,0.0,,
46.05,0.0,0.0,0.0,8.76,107.3,85.78,0.0,0.0,0.0,0.0,0.0,,
46.1,0.0,0.0,0.0,8.76,107.3,85.78,0.0,0.0,0.0,0.0,0.0,,
46.15,0.0,0.0,0.0,8.76,107.3,85.78,0.0,0.0,0.0,0.0,0.0,,
46.2,0.0,0.0,0.0,8.76,107.3,85.78,0.0,0.0,0.0,0.0,0.0,,
46.25,0.0,0.0,0.0,8.76,107.3,85.78,0.0,0.0,0.0,0.0,0.0,,
46.3,0.0,0.0,0.0,8.76,107.3,85.78,0.0,0.0,0.0,0.0,0.0,,
46.35,0.0,0.0,0.0,8.76,107.3,85.78,0.0,0.0,0.0,0.0,0.0,,
46.4,0.0,0.0,0.0,8.76,107.3,85.78,0.0,0.0,0.0,0.0,0.0,,
46.45,0.0,0.0,0.0,8.76,107.3,85.78,0.0,0.0,0.0,0.0,0.0,,
46.5,0.0,0.0,0.0,8.76,107.3,85.78,0.0,0.0,0.0,0.0,0.0,,
46.55,0.0,0.0,0.0,8.76,107.3,85.78,0.0,0.0,0.0,0.0,0.0,,
46.6,0.0,0.0,0.0,8.76,107.3,85.78,0.0,0.0,0.0,0.0,0.0,,
46.65,0.0,0.0,0.0,8.76,107.3,85.78,0.0,0.0,0.0,0.0,0.0,,
46.7,0.0,0.0,0.0,8.76,107.3,85.78,0.0,0.0,0.0,0.0,0.0,,
46.75,0.0,0.0,0.0,8.76,107.3,85.78,0.0,0.0,0.0,0.0,0.0,,
46.8,0.0,0.0,0.0,8.76,107.3,85.78,0.0,0.0,0.0,0.0,0.0,,
46.85,0.0,0.0,0.0,8.76,107.3,85.78,0.0,0.0,0.0,0.0,0.0,,
46.9,0.0,0.0,0.0,8.76,107.3,85.78,0.0,0.0,0.0,0.0,0.0,,
46.95,0.0,0.0,0.0,8.76,107.3,85.78,0.0,0.0,0.0,0.0,0.0,,
47.0,0.0,0.0,0.0,8.76,107.3,85.78,0.0,0.0,0.0,0.0,0.0,,
47.05,0.0,0.0,0.0,8.76,107.3,85.78,0.0,0.0,0.0,0.0,0.0,,
47.1,0.0,0.0,0.0,8.76,107.3,85.78,0.0,0.0,0.0,0.0,0.0,,
47.15,0.0,0.0,0.0,8.76,107.3,85.78,0.0,0.0,0.0,0.0,0.0,,
47.2,0.0,0.0,0.0,8.76,107.3,85.78,0.0,0.0,0.0,0.0,0.0,,
47.25,0.0,0.0,0.0,8.76,107.3,85.78,0.0,0.0,0.0,0.0,0.0,,
47.3,0.0,0.0,0.0,8.76,107.3,85.78,0.0,0.0,0.0,0.0,0.0,,
47.35,0.0,0.0,0.0,8.76,107.3,85.78,0.0,0.0,0.0,0.0,0.0,,
47.4,0.0,0.0,0.0,8.76,107.3,85.78,0.0,0.0,0.0,0.0,0.0,,
47.45,0.0,0.0,0.0,8.76,107.3,85.78,0.0,0.0,0.0,0.0,0.0,,
47.5,0.0,0.0,0.0,8.76,107.3,85.78,0.0,0.0,0.0,0.0,0.0,,
47.55,0.0,0.0,0.0,8.76,107.3,85.78,0.0,0.0,0.0,0.0,0.0,,
47.6,0.0,0.0,0.0,8.76,107.3,85.78,0.0,0.0,0.0,0.0,0.0,,
47.65,0.0,0.0,0.0,8.76,107.3,85.78,0.0,0.0,0.0,0.0,0.0,,
47.7,0.0,0.0,0.0,8.76,107.3,85.78,0.0,0.0,0.0,0.0,0.0,,
47.75,0.0,0.0,0.0,8.76,107.3,85.78,0.0,0.0,0.0,0.0,0.0,,
47.8,0.0,0.0,0.0,8.76,107.3,85.78,0.0,0.0,0.0,0.0,0.0,,
47.85,0.0,0.0,0.0,8.76,107.3,85.78,0.0,0.0,0.0,0.0,0.0,,
47.9,0.0,0.0,0.0,8.76,107.3,85.78,0.0,0.0,0.0,0.0,0.0,,
47.95,0.0,0.0,0.0,8.76,107.3,85.78,0.0,0.0,0.0,0.0,0.0,,
48.0,0.0,0.0,0.0,8.76,107.3,85.78,0.0,0.0,0.0,0.0,0.0,,
48.05,0.0,0.0,0.0,8.76,107.3,85.78,0.0,0.0,0.0,0.0,0.0,,
48.1,0.0,0.0,0.0,8.76,107.3,85.78,0.0,0.0,0.0,0.0,0.0,,
48.15,0.0,0.0,0.0,8.76,107.3,85.78,0.0,0.0,0.0,0.0,0.0,,
48.2,0.0,0.0,0.0,8.76,107.3,85.78,0.0,0.0,0.0,0.0,0.0,,
48.25,0.0,0.0,0.0,8.76,107.3,85.78,0.0,0.0,0.0,0.0,0.0,,
48.3,0.0,0.0,0.0,8.76,107.3,85.78,0.0,0.0,0.0,0.0,0.0,,
48.35,0.0,0.0,0.0,8.76,107.3,85.78,0.0,0.0,0.0,0.0,0.0,,
48.4,0.0,0.0,0.0,8.76,107.3,85.78,0.0,0.0,0.0,0.0,0.0,,
48.45,0.0,0.0,0.0,8.76,107.3,85.78,0.0,0.0,0.0,0.0,0.0,,
48.5,0.0,0.0,0.0,8.76,107.3,85.78,0.0,0.0,0.0,0.0,0.0,,
48.55,0.0,0.0,0.0,8.76,107.3,85.78,0.0,0.0,0.0,0.0,0.0,,
48.6,0.0,0.0,0.0,8.76,107.3,85.78,0.0,0.0,0.0,0.0,0.0,,
48.65,0.0,0.0,0.0,8.76,107.3,85.78,0.0,0.0,0.0,0.0,0.0,,
48.7,0.0,0.0,0.0,8.76,107.3,85.78,0.0,0.0,0.0,0.0,0.0,,
48.75,0.0,0.0,0.0,8.76,107.3,85.78,0.0,0.0,0.0,0.0,0.0,,
48.8,0.0,0.0,0.0,8.76,107.3,85.78,0.0,0.0,0.0,0.0,0.0,,
48.85,0.0,0.0,0.0,8.76,107.3,85.78,0.0,0.0,0.0,0.0,0.0,,
48.9,0.0,0.0,0.0,8.76,107.3,85.78,0.0,0.0,0.0,0.0,0.0,,
48.95,0.0,0.0,0.0,8.76,107.3,85.78,0.0,0.0,0.0,0.0,0.0,,
49.0,0.0,0.0,0.0,8.76,107.3,85.78,0.0,0.0,0.0,0.0,0.0,,
49.05,0.0,0.0,0.0,8.76,107.3,85.78,0.0,0.0,0.0,0.0,0.0,,
49.1,0.0,0.0,0.0,8.76,107.3,85.78,0.0,0.0,0.0,0.0,0.0,,
49.15,0.0,0.0,0.0,8.76,107.3,85.78,0.0,0.0,0.0,0.0,0.0,,
49.2,0.0,0.0,0.0,8.76,107.3,85.78,0.0,0.0,0.0,0.0,0.0,,
49.25,0.0,0.0,0.0,8.76,107.3,85.78,0.0,0.0,0.0,0.0,0.0,,
49.3,0.0,0.0,0.0,8.76,107.3,85.78,0.0,0.0,0.0,0.0,0.0,,
49.35,0.0,0.0,0.0,8.76,107.3,85.78,0.0,0.0,0.0,0.0,0.0,,
49.4,0.0,0.0,0.0,8.76,107.3,85.78,0.0,0.0,0.0,0.0,0.0,,
49.45,0.0,0.0,0.0,8.76,107.3,85.78,0.0,0.0,0.0,0.0,0.0,,
49.5,0.0,0.0,0.0,8.76,107.3,85.78,0.0,0.0,0.0,0.0,0.0,,
49.55,0.0,0.0,0.0,8.76,107.3,85.78,0.0,0.0,0.0,0.0,0.0,,
49.6,0.0,0.0,0.0,8.76,107.3,85.78,0.0,0.0,0.0,0.0,0.0,,
49.65,0.0,0.0,0.0,8.76,107.3,85.78,0.0,0.0,0.0,0.0,0.0,,
49.7,0.0,0.0,0.0,8.76,107.3,85.78,0.0,0.0,0.0,0.0,0.0,,
49.75,0.0,0.0,0.0,8.76,107.3,85.78,0.0,0.0,0.0,0.0,0.0,,
49.8,0.0,0.0,0.0,8.76,107.3,85.78,0.0,0.0,0.0,0.0,0.0,,
49.85,0.0,0.0,0.0,8.76,107.3,85.78,0.0,0.0,0.0,0.0,0.0,,
49.9,0.0,0.0,0.0,8.76,107.3,85.78,0.0,0.0,0.0,0.0,0.0,,
49.95,0.0,0.0,0.0,8.76,107.3,85.78,0.0,0.0,0.0,0.0,0.0,,
50.0,0.0,0.0,0.0,8.76,107.3,85.78,0.0,0.0,0.0,0.0,0.0,,
50.05,0.0,0.0,0.0,8.76,107.3,85.78,0.0,0.0,0.0,0.0,0.0,,
50.1,0.0,0.0,0.0,8.76,107.3,85.78,0.0,0.0,0.0,0.0,0.0,,
50.15,0.0,0.0,0.0,8.76,107.3,85.78,0.0,0.0,0.0,0.0,0.0,,
50.2,0.0,0.0,0.0,8.76,107.3,85.78,0.0,0.0,0.0,0.0,0.0,,
50.25,0.0,0.0,0.0,8.76,107.3,85.78,0.0,0.0,0.0,0.0,0.0,,
50.3,0.0,0.0,0.0,8.76,107.3,85.78,0.0,0.0,0.0,0.0,0.0,,
50.35,0.0,0.0,0.0,8.76,107.3,85.78,0.0,0.0,0.0,0.0,0.0,,
50.4,0.0,0.0,0.0,8.76,107.3,85.78,0.0,0.0,0.0,0.0,0.0,,
50.45,0.0,0.0,0.0,8.76,107.3,85.78,0.0,0.0,0.0,0.0,0.0,,
50.5,0.0,0.0,0.0,8.76,107.3,85.78,0.0,0.0,0.0,0.0,0.0,,
50.55,0.0,0.0,0.0,8.76,107.3,85.78,0.0,0.0,0.0,0.0,0.0,,
50.6,0.0,0.0,0.0,8.76,107.3,85.78,0.0,0.0,0.0,0.0,0.0,,
50.65,0.0,0.0,0.0,8.76,107.3,85.78,0.0,0.0,0.0,0.0,0.0,,
50.7,0.0,0.0,0.0,8.76,107.3,85.78,0.0,0.0,0.0,0.0,0.0,,
50.75,0.0,0.0,0.0,8.76,107.3,85.78,0.0,0.0,0.0,0.0,0.0,,
50.8,0.0,0.0,0.0,8.76,107.3,85.78,0.0,0.0,0.0,0.0,0.0,,
50.85,0.0,0.0,0.0,8.76,107.3,85.78,0.0,0.0,0.0,0.0,0.0,,
50.9,0.0,0.0,0.0,8.76,107.3,85.78,0.0,0.0,0.0,0.0,0.0,,
50.95,0.0,0.0,0.0,8.76,107.3,85.78,0.0,0.0,0.0,0.0,0.0,,
51.0,0.0,0.0,0.0,8.76,107.3,85.78,0.0,0.0,0.0,0.0,0.0,,
51.05,0.0,0.0,0.0,8.76,107.3,85.78,0.0,0.0,0.0,0.0,0.0,,
51.1,0.0,0.0,0.0,8.76,107.3,85.78,0.0,0.0,0.0,0.0,0.0,,
51.15,0.0,0.0,0.0,8.76,107.3,85.78,0.0,0.0,0.0,0.0,0.0,,
51.2,0.0,0.0,0.0,8.76,107.3,85.78,0.0,0.0,0.0,0.0,0.0,,
51.25,0.0,0.0,0.0,8.76,107.3,85.78,0.0,0.0,0.0,0.0,0.0,,
51.3,0.0,0.0,0.0,8.76,107.3,85.78,0.0,0.0,0.0,0.0,0.0,,
51.35,0.0,0.0,0.0,8.76,107.3,85.78,0.0,0.0,0.0,0.0,0.0,,
51.4,0.0,0.0,0.0,8.76,107.3,85.78,0.0,0.0,0.0,0.0,0.0,,
51.45,0.0,0.0,0.0,8.76,107.3,85.78,0.0,0.0,0.0,0.0,0.0,,
51.5,0.0,0.0,0.0,8.76,107.3,85.78,0.0,0.0,0.0,0.0,0.0,,
51.55,0.0,0.0,0.0,8.76,107.3,85.78,0.0,0.0,0.0,0.0,0.0,,
51.6,0.0,0.0,0.0,8.76,107.3,85.78,0.0,0.0,0.0,0.0,0.0,,
51.65,0.0,0.0,0.0,8.76,107.3,85.78,0.0,0.0,0.0,0.0,0.0,,
51.7,0.0,0.0,0.0,8.76,107.3,85.78,0.0,0.0,0.0,0.0,0.0,,
51.75,0.0,0.0,0.0,8.76,107.3,85.78,0.0,0.0,0.0,0.0,0.0,,
51.8,0.0,0.0,0.0,8.76,107.3,85.78,0.0,0.0,0.0,0.0,0.0,,
51.85,0.0,0.0,0.0,8.76,107.3,85.78,0.0,0.0,0.0,0.0,0.0,,
51.9,0.0,0.0,0.0,8.76,107.3,85.78,0.0,0.0,0.0,0.0,0.0,,
51.95,0.0,0.0,0.0,8.76,107.3,85.78,0.0,0.0,0.0,0.0,0.0,,
52.0,0.0,0.0,0.0,8.76,107.3,85.78,0.0,0.0,0.0,0.0,0.0,,
52.05,0.0,0.0,0.0,8.76,107.3,85.78,0.0,0.0,0.0,0.0,0.0,,
52.1,0.0,0.0,0.0,8.76,107.3,85.78,0.0,0.0,0.0,0.0,0.0,,
52.15,0.0,0.0,0.0,8.76,107.3,85.78,0.0,0.0,0.0,0.0,0.0,,
52.2,0.0,0.0,0.0,8.76,107.3,85.78,0.0,0.0,0.0,0.0,0.0,,
52.25,0.0,0.0,0.0,8.76,107.3,85.78,0.0,0.0,0.0,0.0,0.0,,
52.3,0.0,0.0,0.0,8.76,107.3,85.78,0.0,0.0,0.0,0.0,0.0,,
52.35,0.0,0.0,0.0,8.76,107.3,85.78,0.0,0.0,0.0,0.0,0.0,,
52.4,0.0,0.0,0.0,8.76,107.3,85.78,0.0,0.0,0.0,0.0,0.0,,
52.45,0.0,0.0,0.0,8.76,107.3,85.78,0.0,0.0,0.0,0.0,0.0,,
52.5,0.0,0.0,0.0,8.76,107.3,85.78,0.0,0.0,0.0,0.0,0.0,,
52.55,0.0,0.0,0.0,8.76,107.3,85.78,0.0,0.0,0.0,0.0,0.0,,
52.6,0.0,0.0,0.0,8.76,107.3,85.78,0.0,0.0,0.0,0.0,0.0,,
52.65,0.0,0.0,0.0,8.76,107.3,85.78,0.0,0.0,0.0,0.0,0.0,,
52.7,0.0,0.0,0.0,8.76,107.3,85.78,0.0,0.0,0.0,0.0,0.0,,
52.75,0.0,0.0,0.0,8.76,107.3,85.78,0.0,0.0,0.0,0.0,0.0,,
52.8,0.0,0.0,0.0,8.76,107.3,85.78,0.0,0.0,0.0,0.0,0.0,,
52.85,0.0,0.0,0.0,8.76,107.3,85.78,0.0,0.0,0.0,0.0,0.0,,
52.9,0.0,0.0,0.0,8.76,107.3,85.78,0.0,0.0,0.0,0.0,0.0,,
52.95,0.0,0.0,0.0,8.76,107.3,85.78,0.0,0.0,0.0,0.0,0.0,,
53.0,0.0,0.0,0.0,8.76,107.3,85.78,0.0,0.0,0.0,0.0,0.0,,
53.05,0.0,0.0,0.0,8.76,107.3,85.78,0.0,0.0,0.0,0.0,0.0,,
53.1,0.0,0.0,0.0,8.76,107.3,85.78,0.0,0.0,0.0,0.0,0.0,,
53.15,0.0,0.0,0.0,8.76,107.3,85.78,0.0,0.0,0.0,0.0,0.0,,
53.2,0.0,0.0,0.0,8.76,107.3,85.78,0.0,0.0,0.0,0.0,0.0,,
53.25,0.0,0.0,0.0,8.76,107.3,85.78,0.0,0.0,0.0,0.0,0.0,,
53.3,0.0,0.0,0.0,8.76,107.3,85.78,0.0,0.0,0.0,0.0,0.0,,
53.35,0.0,0.0,0.0,8.76,107.3,85.78,0.0,0.0,0.0,0.0,0.0,,
53.4,0.0,0.0,0.0,8.76,107.3,85.78,0.0,0.0,0.0,0.0,0.0,,
53.45,0.0,0.0,0.0,8.76,107.3,85.78,0.0,0.0,0.0,0.0,0.0,,
53.5,0.0,0.0,0.0,8.76,107.3,85.78,0.0,0.0,0.0,0.0,0.0,,
53.55,0.0,0.0,0.0,8.76,107.3,85.78,0.0,0.0,0.0,0.0,0.0,,
53.6,0.0,0.0,0.0,8.76,107.3,85.78,0.0,0.0,0.0,0.0,0.0,,
53.65,0.0,0.0,0.0,8.76,107.3,85.78,0.0,0.0,0.0,0.0,0.0,,
53.7,0.0,0.0,0.0,8.76,107.3,85.78,0.0,0.0,0.0,0.0,0.0,,
53.75,0.0,0.0,0.0,8.76,107.3,85.78,0.0,0.0,0.0,0.0,0.0,,
53.8,0.0,0.0,0.0,8.76,107.3,85.78,0.0,0.0,0.0,0.0,0.0,,
53.85,0.0,0.0,0.0,8.76,107.3,85.78,0.0,0.0,0.0,0.0,0.0,,
53.9,0.0,0.0,0.0,8.76,107.3,85.78,0.0,0.0,0.0,0.0,0.0,,
53.95,0.0,0.0,0.0,8.76,107.3,85.78,0.0,0.0,0.0,0.0,0.0,,
54.0,0.0,0.0,0.0,8.76,107.3,85.78,0.0,0.0,0.0,0.0,0.0,,
54.05,0.0,0.0,0.0,8.76,107.3,85.78,0.0,0.0,0.0,0.0,0.0,,
54.1,0.0,0.0,0.0,8.76,107.3,85.78,0.0,0.0,0.0,0.0,0.0,,
54.15,0.0,0.0,0.0,8.76,107.3,85.78,0.0,0.0,0.0,0.0,0.0,,
54.2,0.0,0.0,0.0,8.76,107.3,85.78,0.0,0.0,0.0,0.0,0.0,,
54.25,0.0,0.0,0.0,8.76,107.3,85.78,0.0,0.0,0.0,0.0,0.0,,
54.3,0.0,0.0,0.0,8.76,107.3,85.78,0.0,0.0,0.0,0.0,0.0,,
54.35,0.0,0.0,0.0,8.76,107.3,85.78,0.0,0.0,0.0,0.0,0.0,,
54.4,0.0,0.0,0.0,8.76,107.3,85.78,0.0,0.0,0.0,0.0,0.0,,
54.45,0.0,0.0,0.0,8.76,107.3,85.78,0.0,0.0,0.0,0.0,0.0,,
54.5,0.0,0.0,0.0,8.76,107.3,85.78,0.0,0.0,0.0,0.0,0.0,,
54.55,0.0,0.0,0.0,8.76,107.3,85.78,0.0,0.0,0.0,0.0,0.0,,
54.6,0.0,0.0,0.0,8.76,107.3,85.78,0.0,0.0,0.0,0.0,0.0,,
54.65,0.0,0.0,0.0,8.76,107.3,85.78,0.0,0.0,0.0,0.0,0.0,,
54.7,0.0,0.0,0.0,8.76,107.3,85.78,0.0,0.0,0.0,0.0,0.0,,
54.75,0.0,0.0,0.0,8.76,107.3,85.78,0.0,0.0,0.0,0.0,0.0,,
54.8,0.0,0.0,0.0,8.76,107.3,85.78,0.0,0.0,0.0,0.0,0.0,,
54.85,0.0,0.0,0.0,8.76,107.3,85.78,0.0,0.0,0.0,0.0,0.0,,
54.9,0.0,0.0,0.0,8.76,107.3,85.78,0.0,0.0,0.0,0.0,0.0,,
54.95,0.0,0.0,0.0,8.76,107.3,85.78,0.0,0.0,0.0,0.0,0.0,,
55.0,0.0,0.0,0.0,8.76,107.3,85.78,0.0,0.0,0.0,0.0,0.0,,
55.05,0.0,0.0,0.0,8.76,107.3,85.78,0.0,0.0,0.0,0.0,0.0,,
55.1,0.0,0.0,0.0,8.76,107.3,85.78,0.0,0.0,0.0,0.0,0.0,,
55.15,0.0,0.0,0.0,8.76,107.3,85.78,0.0,0.0,0.0,0.0,0.0,,
55.2,0.0,0.0,0.0,8.76,107.3,85.78,0.0,0.0,0.0,0.0,0.0,,
55.25,0.0,0.0,0.0,8.76,107.3,85.78,0.0,0.0,0.0,0.0,0.0,,
55.3,0.0,0.0,0.0,8.76,107.3,85.78,0.0,0.0,0.0,0.0,0.0,,
55.35,0.0,0.0,0.0,8.76,107.3,85.78,0.0,0.0,0.0,0.0,0.0,,
55.4,0.0,0.0,0.0,8.76,107.3,85.78,0.0,0.0,0.0,0.0,0.0,,
55.45,0.0,0.0,0.0,8.76,107.3,85.78,0.0,0.0,0.0,0.0,0.0,,
55.5,0.0,0.0,0.0,8.76,107.3,85.78,0.0,0.0,0.0,0.0,0.0,,
55.55,0.0,0.0,0.0,8.76,107.3,85.78,0.0,0.0,0.0,0.0,0.0,,
55.6,0.0,0.0,0.0,8.76,107.3,85.78,0.0,0.0,0.0,0.0,0.0,,
55.65,0.0,0.0,0.0,8.76,107.3,85.78,0.0,0.0,0.0,0.0,0.0,,
55.7,0.0,0.0,0.0,8.76,107.3,85.78,0.0,0.0,0.0,0.0,0.0,,
55.75,0.0,0.0,0.0,8.76,107.3,85.78,0.0,0.0,0.0,0.0,0.0,,
55.8,0.0,0.0,0.0,8.76,107.3,85.78,0.0,0.0,0.0,0.0,0.0,,
55.85,0.0,0.0,0.0,8.76,107.3,85.78,0.0,0.0,0.0,0.0,0.0,,
55.9,0.0,0.0,0.0,8.76,107.3,85.78,0.0,0.0,0.0,0.0,0.0,,
55.95,0.0,0.0,0.0,8.76,107.3,85.78,0.0,0.0,0.0,0.0,0.0,,
56.0,0.0,0.0,0.0,8.76,107.3,85.78,0.0,0.0,0.0,0.0,0.0,,
56.05,0.0,0.0,0.0,8.76,107.3,85.78,0.0,0.0,0.0,0.0,0.0,,
56.1,0.0,0.0,0.0,8.76,107.3,85.78,0.0,0.0,0.0,0.0,0.0,,
56.15,0.0,0.0,0.0,8.76,107.3,85.78,0.0,0.0,0.0,0.0,0.0,,
56.2,0.0,0.0,0.0,8.76,107.3,85.78,0.0,0.0,0.0,0.0,0.0,,
56.25,0.0,0.0,0.0,8.76,107.3,85.78,0.0,0.0,0.0,0.0,0.0,,
56.3,0.0,0.0,0.0,8.76,107.3,85.78,0.0,0.0,0.0,0.0,0.0,,
56.35,0.0,0.0,0.0,8.76,107.3,85.78,0.0,0.0,0.0,0.0,0.0,,
56.4,0.0,0.0,0.0,8.76,107.3,85.78,0.0,0.0,0.0,0.0,0.0,,
56.45,0.0,0.0,0.0,8.76,107.3,85.78,0.0,0.0,0.0,0.0,0.0,,
56.5,0.0,0.0,0.0,8.76,107.3,85.78,0.0,0.0,0.0,0.0,0.0,,
56.55,0.0,0.0,0.0,8.76,107.3,85.78,0.0,0.0,0.0,0.0,0.0,,
56.6,0.0,0.0,0.0,8.76,107.3,85.78,0.0,0.0,0.0,0.0,0.0,,
56.65,0.0,0.0,0.0,8.76,107.3,85.78,0.0,0.0,0.0,0.0,0.0,,
56.7,0.0,0.0,0.0,8.76,107.3,85.78,0.0,0.0,0.0,0.0,0.0,,
56.75,0.0,0.0,0.0,8.76,107.3,85.78,0.0,0.0,0.0,0.0,0.0,,
56.8,0.0,0.0,0.0,8.76,107.3,85.78,0.0,0.0,0.0,0.0,0.0,,
56.85,0.0,0.0,0.0,8.76,107.3,85.78,0.0,0.0,0.0,0.0,0.0,,
56.9,0.0,0.0,0.0,8.76,107.3,85.78,0.0,0.0,0.0,0.0,0.0,,
56.95,0.0,0.0,0.0,8.76,107.3,85.78,0.0,0.0,0.0,0.0,0.0,,
57.0,0.0,0.0,0.0,8.76,107.3,85.78,0.0,0.0,0.0,0.0,0.0,,
57.05,0.0,0.0,0.0,8.76,107.3,85.78,0.0,0.0,0.0,0.0,0.0,,
57.1,0.0,0.0,0.0,8.76,107.3,85.78,0.0,0.0,0.0,0.0,0.0,,
57.15,0.0,0.0,0.0,8.76,107.3,85.78,0.0,0.0,0.0,0.0,0.0,,
57.2,0.0,0.0,0.0,8.76,107.3,85.78,0.0,0.0,0.0,0.0,0.0,,
57.25,0.0,0.0,0.0,8.76,107.3,85.78,0.0,0.0,0.0,0.0,0.0,,
57.3,0.0,0.0,0.0,8.76,107.3,85.78,0.0,0.0,0.0,0.0,0.0,,
57.35,0.0,0.0,0.0,8.76,107.3,85.78,0.0,0.0,0.0,0.0,0.0,,
57.4,0.0,0.0,0.0,8.76,107.3,85.78,0.0,0.0,0.0,0.0,0.0,,
57.45,0.0,0.0,0.0,8.76,107.3,85.78,0.0,0.0,0.0,0.0,0.0,,
57.5,0.0,0.0,0.0,8.76,107.3,85.78,0.0,0.0,0.0,0.0,0.0,,
57.55,0.0,0.0,0.0,8.76,107.3,85.78,0.0,0.0,0.0,0.0,0.0,,
57.6,0.0,0.0,0.0,8.76,107.3,85.78,0.0,0.0,0.0,0.0,0.0,,
57.65,0.0,0.0,0.0,8.76,107.3,85.78,0.0,0.0,0.0,0.0,0.0,,
57.7,0.0,0.0,0.0,8.76,107.3,85.78,0.0,0.0,0.0,0.0,0.0,,
57.75,0.0,0.0,0.0,8.76,107.3,85.78,0.0,0.0,0.0,0.0,0.0,,
57.8,0.0,0.0,0.0,8.76,107.3,85.78,0.0,0.0,0.0,0.0,0.0,,
57.85,0.0,0.0,0.0,8.76,107.3,85.78,0.0,0.0,0.0,0.0,0.0,,
57.9,0.0,0.0,0.0,8.76,107.3,85.78,0.0,0.0,0.0,0.0,0.0,,
57.95,0.0,0.0,0.0,8.76,107.3,85.78,0.0,0.0,0.0,0.0,0.0,,
58.0,0.0,0.0,0.0,8.76,107.3,85.78,0.0,0.0,0.0,0.0,0.0,,
58.05,0.0,0.0,0.0,8.76,107.3,85.78,0.0,0.0,0.0,0.0,0.0,,
58.1,0.0,0.0,0.0,8.76,107.3,85.78,0.0,0.0,0.0,0.0,0.0,,
58.15,0.0,0.0,0.0,8.76,107.3,85.78,0.0,0.0,0.0,0.0,0.0,,
58.2,0.0,0.0,0.0,8.76,107.3,85.78,0.0,0.0,0.0,0.0,0.0,,
58.25,0.0,0.0,0.0,8.76,107.3,85.78,0.0,0.0,0.0,0.0,0.0,,
58.3,0.0,0.0,0.0,8.76,107.3,85.78,0.0,0.0,0.0,0.0,0.0,,
58.35,0.0,0.0,0.0,8.76,107.3,85.78,0.0,0.0,0.0,0.0,0.0,,
58.4,0.0,0.0,0.0,8.76,107.3,85.78,0.0,0.0,0.0,0.0,0.0,,
58.45,0.0,0.0,0.0,8.76,107.3,85.78,0.0,0.0,0.0,0.0,0.0,,
58.5,0.0,0.0,0.0,8.76,107.3,85.78,0.0,0.0,0.0,0.0,0.0,,
58.55,0.0,0.0,0.0,8.76,107.3,85.78,0.0,0.0,0.0,0.0,0.0,,
58.6,0.0,0.0,0.0,8.76,107.3,85.78,0.0,0.0,0.0,0.0,0.0,,
58.65,0.0,0.0,0.0,8.76,107.3,85.78,0.0,0.0,0.0,0.0,0.0,,
58.7,0.0,0.0,0.0,8.76,107.3,85.78,0.0,0.0,0.0,0.0,0.0,,
58.75,0.0,0.0,0.0,8.76,107.3,85.78,0.0,0.0,0.0,0.0,0.0,,
58.8,0.0,0.0,0.0,8.76,107.3,85.78,0.0,0.0,0.0,0.0,0.0,,
58.85,0.0,0.0,0.0,8.76,107.3,85.78,0.0,0.0,0.0,0.0,0.0,,
58.9,0.0,0.0,0.0,8.76,107.3,85.78,0.0,0.0,0.0,0.0,0.0,,
58.95,0.0,0.0,0.0,8.76,107.3,85.78,0.0,0.0,0.0,0.0,0.0,,
59.0,0.0,0.0,0.0,8.76,107.3,85.78,0.0,0.0,0.0,0.0,0.0,,
59.05,0.0,0.0,0.0,8.76,107.3,85.78,0.0,0.0,0.0,0.0,0.0,,
59.1,0.0,0.0,0.0,8.76,107.3,85.78,0.0,0.0,0.0,0.0,0.0,,
59.15,0.0,0.0,0.0,8.76,107.3,85.78,0.0,0.0,0.0,0.0,0.0,,
59.2,0.0,0.0,0.0,8.76,107.3,85.78,0.0,0.0,0.0,0.0,0.0,,
59.25,0.0,0.0,0.0,8.76,107.3,85.78,0.0,0.0,0.0,0.0,0.0,,
59.3,0.0,0.0,0.0,8.76,107.3,85.78,0.0,0.0,0.0,0.0,0.0,,
59.35,0.0,0.0,0.0,8.76,107.3,85.78,0.0,0.0,0.0,0.0,0.0,,
59.4,0.0,0.0,0.0,8.76,107.3,85.78,0.0,0.0,0.0,0.0,0.0,,
59.45,0.0,0.0,0.0,8.76,107.3,85.78,0.0,0.0,0.0,0.0,0.0,,
59.5,0.0,0.0,0.0,8.76,107.3,85.78,0.0,0.0,0.0,0.0,0.0,,
59.55,0.0,0.0,0.0,8.76,107.3,85.78,0.0,0.0,0.0,0.0,0.0,,
59.6,0.0,0.0,0.0,8.76,107.3,85.78,0.0,0.0,0.0,0.0,0.0,,
59.65,0.0,0.0,0.0,8.76,107.3,85.78,0.0,0.0,0.0,0.0,0.0,,
59.7,0.0,0.0,0.0,8.76,107.3,85.78,0.0,0.0,0.0,0.0,0.0,,
59.75,0.0,0.0,0.0,8.76,107.3,85.78,0.0,0.0,0.0,0.0,0.0,,
59.8,0.0,0.0,0.0,8.76,107.3,85.78,0.0,0.0,0.0,0.0,0.0,,
59.85,0.0,0.0,0.0,8.76,107.3,85.78,0.0,0.0,0.0,0.0,0.0,,
59.9,0.0,0.0,0.0,8.76,107.3,85.78,0.0,0.0,0.0,0.0,0.0,,
59.95,0.0,0.0,0.0,8.76,107.3,85.78,0.0,0.0,0.0,0.0,0.0,,
60.0,0.0,0.0,0.0,8.76,107.3,85.78,0.0,0.0,0.0,0.0,0.0,,
60.05,0.0,0.0,0.0,8.76,107.3,85.78,0.0,0.0,0.0,0.0,0.0,,
