Time (s),Ego Speed (km/h),Ego Speed (m/s),Lead Speed (km/h),Smoothed Lead Speed (m/s),Smoothed Lead Speed (km/h),Ego Acceleration (m/s²),Lead Acceleration (m/s²),Lead Acceleration (Theoretical),Ego Distance Covered (m),Lead Vehicle Distance Covered (m),Distance Between (m),Lead Braking Distance (m),Braking Phase,RSS Safety Distance (m)
0.0,0.01,0.0,7.06,1.96,7.06,,,1.5,0.0,0.0,11.02,11.4,,0.0
0.05,0.01,0.0,8.82,2.21,7.94,-0.008,4.9,1.5,0.0,0.11,11.01,,,0.0
0.1,0.01,0.0,10.58,2.45,8.82,-0.008,4.9,1.5,0.0,0.25,11.01,,,0.0
0.15000000000000002,0.0,0.0,10.75,2.58,9.3,-0.037,2.677,1.5,0.0,0.41,11.01,,,0.0
0.2,0.0,0.0,7.77,2.5,9.0,0.0,-1.704,1.5,0.0,0.53,11.01,,,0.0
0.25,0.0,0.0,4.89,2.31,8.31,0.0,-3.797,1.5,0.0,0.61,11.01,,,0.0
0.30000000000000004,0.0,0.0,0.29,1.99,7.17,0.0,-6.37,1.5,0.0,0.64,11.01,,,0.0
0.35000000000000003,0.0,0.0,1.26,1.79,6.43,0.0,-4.101,1.5,0.0,0.65,11.01,,,0.0
0.4,0.0,0.0,1.82,1.64,5.92,0.0,-2.845,1.5,0.0,0.68,11.01,,,0.0
0.45,0.0,0.0,2.03,1.54,5.53,0.0,-2.16,1.5,0.0,0.7,11.01,,,0.0
0.5,0.0,0.0,1.97,1.39,5.02,0.0,-2.826,1.5,0.0,0.73,11.01,,,0.0
0.55,0.0,0.0,1.73,1.2,4.31,0.0,-3.939,1.5,0.0,0.76,11.01,,,0.0
0.6000000000000001,0.0,0.0,1.39,0.94,3.39,0.0,-5.109,1.5,0.0,0.78,11.01,,,0.0
0.65,0.0,0.0,1.01,0.67,2.41,0.0,-5.411,1.5,0.0,0.8,11.01,,,0.0
0.7000000000000001,0.0,0.0,0.64,0.47,1.7,0.0,-3.961,1.5,0.0,0.81,11.01,,,0.0
0.75,0.0,0.0,0.32,0.35,1.24,0.0,-2.544,1.5,0.0,0.81,11.01,,,0.0
0.8,0.0,0.0,0.06,0.34,1.22,0.0,-0.127,1.5,0.0,0.81,11.01,,,0.0
0.8500000000000001,0.0,0.0,0.13,0.31,1.11,0.0,-0.628,1.5,0.0,0.82,11.01,,,0.0
0.9,0.0,0.0,0.25,0.26,0.95,0.0,-0.872,1.5,0.0,0.82,11.01,,,0.0
0.9500000000000001,0.0,0.0,0.31,0.22,0.78,0.0,-0.956,1.5,0.0,0.82,11.01,,,0.0
1.0,0.0,0.0,0.32,0.17,0.61,0.0,-0.918,1.5,0.0,0.83,11.01,,,0.0
1.05,0.0,0.0,0.29,0.13,0.47,0.0,-0.799,1.5,0.0,0.83,11.01,,,0.0
1.1,0.0,0.0,0.24,0.1,0.36,0.0,-0.635,1.5,0.0,0.83,11.01,,,0.0
1.1500000000000001,0.0,0.0,0.19,0.08,0.27,0.0,-0.456,1.5,0.0,0.84,11.01,,,0.0
1.2000000000000002,0.0,0.0,0.13,0.06,0.22,0.0,-0.284,1.5,0.0,0.84,11.01,,,0.0
1.25,0.0,0.0,0.07,0.05,0.2,0.0,-0.135,1.5,0.0,0.84,11.01,,,0.0
1.3,0.0,0.0,0.03,0.05,0.19,0.0,-0.017,1.5,0.0,0.84,11.01,,,0.0
1.35,0.0,0.0,0.01,0.05,0.18,0.0,-0.068,1.5,0.0,0.84,11.01,,,0.0
1.4000000000000001,0.0,0.0,0.03,0.04,0.16,0.0,-0.121,1.5,0.0,0.84,11.01,,,0.0
1.4500000000000002,0.0,0.0,0.0,0.04,0.13,0.0,-0.17,1.5,0.0,0.84,11.01,,,0.0
1.5,0.0,0.0,0.0,0.03,0.1,0.0,-0.175,1.5,0.0,0.84,11.01,,,0.0
1.55,0.0,0.0,0.0,0.02,0.07,0.0,-0.162,1.5,0.0,0.84,11.01,,,0.0
1.6,0.0,0.0,0.0,0.01,0.05,0.0,-0.136,1.5,0.0,0.84,11.01,,,0.0
1.6500000000000001,0.0,0.0,0.0,0.01,0.03,0.0,-0.104,1.5,0.0,0.84,11.01,,,0.0
1.7000000000000002,0.0,0.0,0.0,0.0,0.01,0.0,-0.071,1.5,0.0,0.84,11.01,,,0.0
1.75,0.0,0.0,0.0,0.0,0.01,0.0,-0.041,1.5,0.0,0.84,11.01,,,0.0
1.8,0.0,0.0,0.0,0.0,0.0,0.0,-0.015,1.5,0.0,0.84,11.01,,,0.0
1.85,0.0,0.0,0.0,0.0,0.0,0.0,-0.004,1.5,0.0,0.84,11.01,,,0.0
1.9000000000000001,0.0,0.0,0.0,0.0,0.0,0.0,-0.017,0.0,0.0,0.84,11.01,,,0.0
1.9500000000000002,0.0,0.0,0.0,0.0,0.0,0.0,0.0,0.0,0.0,0.84,11.01,,,0.0
2.0,0.0,0.0,0.0,0.0,0.0,0.0,0.0,0.0,0.0,0.84,11.01,,,0.0
2.0500000000000003,0.0,0.0,0.0,0.0,0.0,0.0,0.0,0.0,0.0,0.84,11.01,,,0.0
2.1,0.0,0.0,0.0,0.0,0.0,0.0,0.0,0.0,0.0,0.84,11.01,,,0.0
2.15,0.0,0.0,0.0,0.0,0.0,0.0,0.0,0.0,0.0,0.84,11.01,,,0.0
2.2,0.0,0.0,0.0,0.0,0.0,0.0,0.0,0.0,0.0,0.84,11.01,,,0.0
2.25,0.0,0.0,0.0,0.0,0.0,0.0,0.0,0.0,0.0,0.84,11.01,,,0.0
2.3000000000000003,0.0,0.0,0.0,0.0,0.0,0.0,0.0,0.0,0.0,0.84,11.01,,,0.0
2.35,0.0,0.0,0.0,0.0,0.0,0.0,0.0,0.0,0.0,0.84,11.01,,,0.0
2.4000000000000004,0.0,0.0,0.0,0.0,0.0,0.0,0.0,0.0,0.0,0.84,11.01,,,0.0
2.45,0.0,0.0,0.0,0.0,0.0,0.0,0.0,0.0,0.0,0.84,11.01,,,0.0
2.5,0.0,0.0,0.0,0.0,0.0,0.0,0.0,0.0,0.0,0.84,11.01,,,0.0
2.5500000000000003,0.0,0.0,0.0,0.0,0.0,0.0,0.0,0.0,0.0,0.84,11.01,,,0.0
2.6,0.0,0.0,0.0,0.0,0.0,0.0,0.0,0.0,0.0,0.84,11.01,,,0.0
2.6500000000000004,0.0,0.0,0.0,0.0,0.0,0.0,0.0,0.0,0.0,0.84,11.01,,,0.0
2.7,0.0,0.0,0.0,0.0,0.0,0.0,0.0,0.0,0.0,0.84,11.01,,,0.0
2.75,0.0,0.0,0.0,0.0,0.0,0.0,0.0,0.0,0.0,0.84,11.01,,,0.0
2.8000000000000003,0.0,0.0,0.0,0.0,0.0,0.0,0.0,0.0,0.0,0.84,11.01,,,0.0
2.85,0.0,0.0,0.0,0.0,0.0,0.0,0.0,0.0,0.0,0.84,11.01,,,0.0
2.9000000000000004,0.0,0.0,0.0,0.0,0.0,0.0,0.0,0.0,0.0,0.84,11.01,,,0.0
2.95,0.0,0.0,0.0,0.0,0.0,0.0,0.0,0.0,0.0,0.84,11.01,,,0.0
3.0,0.0,0.0,0.0,0.0,0.0,0.0,0.0,0.0,0.0,0.84,11.01,,,0.0
3.0500000000000003,0.0,0.0,0.0,0.0,0.0,0.0,0.0,0.0,0.0,0.84,11.01,,,0.0
3.1,0.0,0.0,0.0,0.0,0.0,0.0,0.0,0.0,0.0,0.84,11.01,,,0.0
3.1500000000000004,0.0,0.0,0.0,0.0,0.0,0.0,0.0,0.0,0.0,0.84,11.01,,,0.0
3.2,0.0,0.0,0.0,0.0,0.0,0.0,0.0,0.0,0.0,0.84,11.01,,,0.0
3.25,0.0,0.0,0.0,0.0,0.0,0.0,0.0,0.0,0.0,0.84,11.01,,,0.0
3.3000000000000003,0.0,0.0,0.0,0.0,0.0,0.0,0.0,0.0,0.0,0.84,11.01,,,0.0
3.35,0.0,0.0,0.0,0.0,0.0,0.0,0.0,0.0,0.0,0.84,11.01,,,0.0
3.4000000000000004,0.0,0.0,0.0,0.0,0.0,0.0,0.0,0.0,0.0,0.84,11.01,,,0.0
3.45,0.0,0.0,0.0,0.0,0.0,0.0,0.0,0.0,0.0,0.84,11.01,,,0.0
3.5,0.0,0.0,0.0,0.0,0.0,0.0,0.0,0.0,0.0,0.84,11.01,,,0.0
3.5500000000000003,0.0,0.0,0.0,0.0,0.0,0.0,0.0,0.0,0.0,0.84,11.01,,,0.0
3.6,0.0,0.0,0.0,0.0,0.0,0.0,0.0,0.0,0.0,0.84,11.01,,,0.0
3.6500000000000004,0.0,0.0,0.0,0.0,0.0,0.0,0.0,0.0,0.0,0.84,11.01,,,0.0
3.7,0.0,0.0,0.0,0.0,0.0,0.0,0.0,0.0,0.0,0.84,11.01,,,0.0
3.75,0.0,0.0,0.0,0.0,0.0,0.0,0.0,0.0,0.0,0.84,11.01,,,0.0
3.8000000000000003,0.0,0.0,0.0,0.0,0.0,0.0,0.0,0.0,0.0,0.84,11.01,,,0.0
3.85,0.0,0.0,0.0,0.0,0.0,0.0,0.0,0.0,0.0,0.84,11.01,,,0.0
3.9000000000000004,0.0,0.0,0.0,0.0,0.0,0.0,0.0,0.0,0.0,0.84,11.01,,,0.0
3.95,0.0,0.0,0.0,0.0,0.0,0.0,0.0,0.0,0.0,0.84,11.01,,,0.0
4.0,0.0,0.0,0.0,0.0,0.0,0.0,0.0,0.0,0.0,0.84,11.01,,,0.0
4.05,0.0,0.0,0.0,0.0,0.0,0.0,0.0,0.0,0.0,0.84,11.01,,,0.0
4.1000000000000005,0.0,0.0,0.0,0.0,0.0,0.0,0.0,0.0,0.0,0.84,11.01,,,0.0
4.15,0.0,0.0,0.0,0.0,0.0,0.0,0.0,0.0,0.0,0.84,11.01,,,0.0
4.2,0.0,0.0,0.0,0.0,0.0,0.0,0.0,0.0,0.0,0.84,11.01,,,0.0
4.25,0.0,0.0,0.0,0.0,0.0,0.0,0.0,0.0,0.0,0.84,11.01,,,0.0
4.3,0.0,0.0,0.0,0.0,0.0,0.0,0.0,0.0,0.0,0.84,11.01,,,0.0
4.3500000000000005,0.0,0.0,0.0,0.0,0.0,0.0,0.0,0.0,0.0,0.84,11.01,,,0.0
4.4,0.0,0.0,0.0,0.0,0.0,0.0,0.0,0.0,0.0,0.84,11.01,,,0.0
4.45,0.0,0.0,0.0,0.0,0.0,0.0,0.0,0.0,0.0,0.84,11.01,,,0.0
4.5,0.0,0.0,0.0,0.0,0.0,0.0,0.0,0.0,0.0,0.84,11.01,,,0.0
4.55,0.0,0.0,0.0,0.0,0.0,0.0,0.0,0.0,0.0,0.84,11.01,,,0.0
4.6000000000000005,0.0,0.0,0.0,0.0,0.0,0.0,0.0,0.0,0.0,0.84,11.01,,,0.0
4.65,0.0,0.0,0.0,0.0,0.0,0.0,0.0,0.0,0.0,0.84,11.01,,,0.0
4.7,0.0,0.0,0.0,0.0,0.0,0.0,0.0,0.0,0.0,0.84,11.01,,,0.0
4.75,0.0,0.0,0.0,0.0,0.0,0.0,0.0,0.0,0.0,0.84,11.01,,,0.0
4.800000000000001,0.0,0.0,0.0,0.0,0.0,0.0,0.0,0.0,0.0,0.84,11.01,,,0.0
4.8500000000000005,0.0,0.0,0.0,0.0,0.0,0.0,0.0,0.0,0.0,0.84,11.01,,,0.0
4.9,0.0,0.0,0.0,0.0,0.0,0.0,0.0,0.0,0.0,0.84,11.01,,,0.0
4.95,0.0,0.0,0.0,0.0,0.0,0.0,0.0,0.0,0.0,0.84,11.01,,,0.0
5.0,0.0,0.0,0.0,0.0,0.0,0.0,0.0,0.0,0.0,0.84,11.01,,,0.0
5.050000000000001,0.0,0.0,0.0,0.0,0.0,0.0,0.0,0.0,0.0,0.84,11.01,,,0.0
5.1000000000000005,0.0,0.0,0.0,0.0,0.0,0.0,0.0,0.0,0.0,0.84,11.01,,,0.0
5.15,0.0,0.0,0.0,0.0,0.0,0.0,0.0,0.0,0.0,0.84,11.01,,,0.0
5.2,0.0,0.0,0.0,0.0,0.0,0.0,0.0,0.0,0.0,0.84,11.01,,,0.0
5.25,0.0,0.0,0.0,0.0,0.0,0.0,0.0,0.0,0.0,0.84,11.01,,,0.0
5.300000000000001,0.0,0.0,0.0,0.0,0.0,0.0,0.0,0.0,0.0,0.84,11.01,,,0.0
5.3500000000000005,0.0,0.0,0.0,0.0,0.0,0.0,0.0,0.0,0.0,0.84,11.01,,,0.0
5.4,0.0,0.0,0.0,0.0,0.0,0.0,0.0,0.0,0.0,0.84,11.01,,,0.0
5.45,0.0,0.0,0.0,0.0,0.0,0.0,0.0,0.0,0.0,0.84,11.01,,,0.0
5.5,0.0,0.0,0.0,0.0,0.0,0.0,0.0,0.0,0.0,0.84,11.01,,,0.0
5.550000000000001,0.0,0.0,0.0,0.0,0.0,0.0,0.0,0.0,0.0,0.84,11.01,,,0.0
5.6000000000000005,0.0,0.0,0.0,0.0,0.0,0.0,0.0,0.0,0.0,0.84,11.01,,,0.0
5.65,0.0,0.0,0.0,0.0,0.0,0.0,0.0,0.0,0.0,0.84,11.01,,,0.0
5.7,0.0,0.0,0.0,0.0,0.0,0.0,0.0,0.0,0.0,0.84,11.01,,,0.0
5.75,0.0,0.0,0.0,0.0,0.0,0.0,0.0,0.0,0.0,0.84,11.01,,,0.0
5.800000000000001,0.0,0.0,0.0,0.0,0.0,0.0,0.0,0.0,0.0,0.84,11.01,,,0.0
5.8500000000000005,0.0,0.0,0.0,0.0,0.0,0.0,0.0,0.0,0.0,0.84,11.01,,,0.0
5.9,0.0,0.0,0.0,0.0,0.0,0.0,0.0,0.0,0.0,0.84,11.01,,,0.0
5.95,0.0,0.0,0.0,0.0,0.0,0.0,0.0,0.0,0.0,0.84,11.01,,,0.0
6.0,0.0,0.0,0.0,0.0,0.0,0.0,0.0,0.0,0.0,0.84,11.01,,,0.0
6.050000000000001,0.0,0.0,0.0,0.0,0.0,0.0,0.0,0.0,0.0,0.84,11.01,,,0.0
6.1000000000000005,0.0,0.0,0.0,0.0,0.0,0.0,0.0,0.0,0.0,0.84,11.01,,,0.0
6.15,0.0,0.0,0.0,0.0,0.0,0.0,0.0,0.0,0.0,0.84,11.01,,,0.0
6.2,0.0,0.0,0.0,0.0,0.0,0.0,0.0,0.0,0.0,0.84,11.01,,,0.0
6.25,0.0,0.0,0.0,0.0,0.0,0.0,0.0,0.0,0.0,0.84,11.01,,,0.0
6.300000000000001,0.0,0.0,0.0,0.0,0.0,0.0,0.0,0.0,0.0,0.84,11.01,,,0.0
6.3500000000000005,0.0,0.0,0.0,0.0,0.0,0.0,0.0,0.0,0.0,0.84,11.01,,,0.0
6.4,0.0,0.0,0.0,0.0,0.0,0.0,0.0,0.0,0.0,0.84,11.01,,,0.0
6.45,0.0,0.0,0.0,0.0,0.0,0.0,0.0,0.0,0.0,0.84,11.01,,,0.0
6.5,0.0,0.0,0.0,0.0,0.0,0.0,0.0,0.0,0.0,0.84,11.01,,,0.0
6.550000000000001,0.0,0.0,0.0,0.0,0.0,0.0,0.0,0.0,0.0,0.84,11.01,,,0.0
6.6000000000000005,0.0,0.0,0.0,0.0,0.0,0.0,0.0,0.0,0.0,0.84,11.01,,,0.0
6.65,0.0,0.0,0.0,0.0,0.0,0.0,0.0,0.0,0.0,0.84,11.01,,,0.0
6.7,0.0,0.0,0.0,0.0,0.0,0.0,0.0,0.0,0.0,0.84,11.01,,,0.0
6.75,0.0,0.0,0.0,0.0,0.0,0.0,0.0,0.0,0.0,0.84,11.01,,,0.0
6.800000000000001,0.0,0.0,0.0,0.0,0.0,0.0,0.0,0.0,0.0,0.84,11.01,,,0.0
6.8500000000000005,0.0,0.0,0.0,0.0,0.0,0.0,0.0,0.0,0.0,0.84,11.01,,,0.0
6.9,0.0,0.0,0.0,0.0,0.0,0.0,0.0,0.0,0.0,0.84,11.01,,,0.0
6.95,0.0,0.0,0.0,0.0,0.0,0.0,0.0,0.0,0.0,0.84,11.01,,,0.0
7.0,0.0,0.0,0.0,0.0,0.0,0.0,0.0,0.0,0.0,0.84,11.01,,,0.0
7.050000000000001,0.0,0.0,0.0,0.0,0.0,0.0,0.0,0.0,0.0,0.84,11.01,,,0.0
7.1000000000000005,0.0,0.0,0.0,0.0,0.0,0.0,0.0,0.0,0.0,0.84,11.01,,,0.0
7.15,0.0,0.0,0.0,0.0,0.0,0.0,0.0,0.0,0.0,0.84,11.01,,,0.0
7.2,0.0,0.0,0.0,0.0,0.0,0.0,0.0,0.0,0.0,0.84,11.01,,,0.0
7.25,0.0,0.0,0.0,0.0,0.0,0.0,0.0,0.0,0.0,0.84,11.01,,,0.0
7.300000000000001,0.0,0.0,0.0,0.0,0.0,0.0,0.0,0.0,0.0,0.84,11.01,,,0.0
7.3500000000000005,0.0,0.0,0.0,0.0,0.0,0.0,0.0,0.0,0.0,0.84,11.01,,,0.0
7.4,0.0,0.0,0.0,0.0,0.0,0.0,0.0,0.0,0.0,0.84,11.01,,,0.0
7.45,0.0,0.0,0.0,0.0,0.0,0.0,0.0,0.0,0.0,0.84,11.01,,,0.0
7.5,0.0,0.0,0.0,0.0,0.0,0.0,0.0,0.0,0.0,0.84,11.01,,,0.0
7.550000000000001,0.0,0.0,0.0,0.0,0.0,0.0,0.0,0.0,0.0,0.84,11.01,,,0.0
7.6000000000000005,0.0,0.0,0.0,0.0,0.0,0.0,0.0,0.0,0.0,0.84,11.01,,,0.0
7.65,0.0,0.0,0.0,0.0,0.0,0.0,0.0,0.0,0.0,0.84,11.01,,,0.0
7.7,0.0,0.0,0.0,0.0,0.0,0.0,0.0,0.0,0.0,0.84,11.01,,,0.0
7.75,0.0,0.0,0.0,0.0,0.0,0.0,0.0,0.0,0.0,0.84,11.01,,,0.0
7.800000000000001,0.0,0.0,0.0,0.0,0.0,0.0,0.0,0.0,0.0,0.84,11.01,,,0.0
7.8500000000000005,0.0,0.0,0.0,0.0,0.0,0.0,0.0,0.0,0.0,0.84,11.01,,,0.0
7.9,0.0,0.0,0.0,0.0,0.0,0.0,0.0,0.0,0.0,0.84,11.01,,,0.0
7.95,0.0,0.0,0.0,0.0,0.0,0.0,0.0,0.0,0.0,0.84,11.01,,,0.0
8.0,0.0,0.0,0.0,0.0,0.0,0.0,0.0,0.0,0.0,0.84,11.01,,,0.0
8.05,0.0,0.0,0.0,0.0,0.0,0.0,0.0,0.0,0.0,0.84,11.01,,,0.0
8.1,0.0,0.0,0.0,0.0,0.0,0.0,0.0,0.0,0.0,0.84,11.01,,,0.0
8.15,0.0,0.0,0.0,0.0,0.0,0.0,0.0,0.0,0.0,0.84,11.01,,,0.0
8.200000000000001,0.0,0.0,0.0,0.0,0.0,0.0,0.0,0.0,0.0,0.84,11.01,,,0.0
8.25,0.0,0.0,0.0,0.0,0.0,0.0,0.0,0.0,0.0,0.84,11.01,,,0.0
8.3,0.0,0.0,0.0,0.0,0.0,0.0,0.0,0.0,0.0,0.84,11.01,,,0.0
8.35,0.0,0.0,0.0,0.0,0.0,0.0,0.0,0.0,0.0,0.84,11.01,,,0.0
8.4,0.0,0.0,0.0,0.0,0.0,0.0,0.0,0.0,0.0,0.84,11.01,,,0.0
8.450000000000001,0.0,0.0,0.0,0.0,0.0,0.0,0.0,0.0,0.0,0.84,11.01,,,0.0
8.5,0.0,0.0,0.0,0.0,0.0,0.0,0.0,0.0,0.0,0.84,11.01,,,0.0
8.55,0.0,0.0,0.0,0.0,0.0,0.0,0.0,0.0,0.0,0.84,11.01,,,0.0
8.6,0.0,0.0,0.0,0.0,0.0,0.0,0.0,0.0,0.0,0.84,11.01,,,0.0
8.65,0.0,0.0,0.0,0.0,0.0,0.0,0.0,0.0,0.0,0.84,11.01,,,0.0
8.700000000000001,0.0,0.0,0.0,0.0,0.0,0.0,0.0,0.0,0.0,0.84,11.01,,,0.0
8.75,0.0,0.0,0.0,0.0,0.0,0.0,0.0,0.0,0.0,0.84,11.01,,,0.0
8.8,0.0,0.0,0.0,0.0,0.0,0.0,0.0,0.0,0.0,0.84,11.01,,,0.0
8.85,0.0,0.0,0.0,0.0,0.0,0.0,0.0,0.0,0.0,0.84,11.01,,,0.0
8.9,0.0,0.0,0.0,0.0,0.0,0.0,0.0,0.0,0.0,0.84,11.01,,,0.0
8.950000000000001,0.0,0.0,0.0,0.0,0.0,0.0,0.0,0.0,0.0,0.84,11.01,,,0.0
9.0,0.0,0.0,0.0,0.0,0.0,0.0,0.0,0.0,0.0,0.84,11.01,,,0.0
9.05,0.0,0.0,0.0,0.0,0.0,0.0,0.0,0.0,0.0,0.84,11.01,,,0.0
9.1,0.0,0.0,0.0,0.0,0.0,0.0,0.0,0.0,0.0,0.84,11.01,,,0.0
9.15,0.0,0.0,0.0,0.0,0.0,0.0,0.0,0.0,0.0,0.84,11.01,,,0.0
9.200000000000001,0.0,0.0,0.0,0.0,0.0,0.0,0.0,0.0,0.0,0.84,11.01,,,0.0
9.25,0.0,0.0,0.0,0.0,0.0,0.0,0.0,0.0,0.0,0.84,11.01,,,0.0
9.3,0.0,0.0,0.0,0.0,0.0,0.0,0.0,0.0,0.0,0.84,11.01,,,0.0
9.35,0.0,0.0,0.0,0.0,0.0,0.0,0.0,0.0,0.0,0.84,11.01,,,0.0
9.4,0.0,0.0,0.0,0.0,0.0,0.0,0.0,0.0,0.0,0.84,11.01,,,0.0
9.450000000000001,0.0,0.0,0.0,0.0,0.0,0.0,0.0,0.0,0.0,0.84,11.01,,,0.0
9.5,0.0,0.0,0.0,0.0,0.0,0.0,0.0,0.0,0.0,0.84,11.01,,,0.0
9.55,0.0,0.0,0.0,0.0,0.0,0.0,0.0,0.0,0.0,0.84,11.01,,,0.0
9.600000000000001,0.0,0.0,0.0,0.0,0.0,0.0,0.0,0.0,0.0,0.84,11.01,,,0.0
9.65,0.0,0.0,0.0,0.0,0.0,0.0,0.0,0.0,0.0,0.84,11.01,,,0.0
9.700000000000001,0.0,0.0,0.0,0.0,0.0,0.0,0.0,0.0,0.0,0.84,11.01,,,0.0
9.75,0.0,0.0,0.0,0.0,0.0,0.0,0.0,0.0,0.0,0.84,11.01,,,0.0
9.8,0.0,0.0,0.0,0.0,0.0,0.0,0.0,0.0,0.0,0.84,11.01,,,0.0
9.850000000000001,0.0,0.0,0.0,0.0,0.0,0.0,0.0,0.0,0.0,0.84,11.01,,,0.0
9.9,0.01,0.0,0.0,0.0,0.0,0.037,0.0,0.0,0.0,0.84,11.01,,,0.0
9.950000000000001,0.0,0.0,0.0,0.0,0.0,-0.036,0.0,0.0,0.0,0.84,11.01,,,0.0
10.0,0.0,0.0,0.0,0.0,0.0,0.018,0.0,0.0,0.0,0.84,11.01,,,0.0
10.05,0.0,0.0,0.0,0.0,0.0,0.008,0.0,0.0,0.0,0.84,11.01,,,0.0
10.100000000000001,0.0,0.0,0.0,0.0,0.0,0.002,0.0,0.0,0.0,0.84,11.01,,,0.0
10.15,0.0,0.0,0.0,0.0,0.0,-0.001,0.0,0.0,0.0,0.84,11.01,,,0.0
10.200000000000001,0.0,0.0,0.0,0.0,0.0,-0.003,0.0,0.0,0.0,0.84,11.01,,,0.0
10.25,0.0,0.0,0.0,0.0,0.0,-0.003,0.0,0.0,0.0,0.84,11.01,,,0.0
10.3,0.0,0.0,0.0,0.0,0.0,-0.014,0.0,0.0,0.0,0.84,11.01,,,0.0
10.350000000000001,0.0,0.0,0.0,0.0,0.0,0.003,0.0,0.0,0.0,0.84,11.01,,,0.0
10.4,0.0,0.0,0.0,0.0,0.0,0.001,0.0,0.0,0.0,0.84,11.01,,,0.0
10.450000000000001,0.0,0.0,0.0,0.0,0.0,-0.0,0.0,0.0,0.0,0.84,11.01,,,0.0
10.5,0.0,0.0,0.0,0.0,0.0,-0.001,0.0,0.0,0.0,0.84,11.01,,,0.0
10.55,0.0,0.0,0.0,0.0,0.0,-0.001,0.0,0.0,0.0,0.84,11.01,,,0.0
10.600000000000001,0.0,0.0,0.0,0.0,0.0,-0.001,0.0,0.0,0.0,0.84,11.01,,,0.0
10.65,0.0,0.0,0.0,0.0,0.0,-0.001,0.0,0.0,0.0,0.84,11.01,,,0.0
10.700000000000001,0.0,0.0,0.0,0.0,0.0,-0.004,0.0,0.0,0.0,0.84,11.01,,,0.0
10.75,0.0,0.0,0.0,0.0,0.0,0.001,0.0,0.0,0.0,0.84,11.01,,,0.0
10.8,0.0,0.0,0.0,0.0,0.0,0.0,0.0,0.0,0.0,0.84,11.01,,,0.0
10.850000000000001,0.0,0.0,0.0,0.0,0.0,0.0,0.0,0.0,0.0,0.84,11.01,,,0.0
10.9,0.0,0.0,0.0,0.0,0.0,-0.0,0.0,0.0,0.0,0.84,11.01,,,0.0
10.950000000000001,0.0,0.0,0.0,0.0,0.0,-0.0,0.0,0.0,0.0,0.84,11.01,,,0.0
11.0,0.0,0.0,0.0,0.0,0.0,-0.0,0.0,0.0,0.0,0.84,11.01,,,0.0
11.05,0.0,0.0,0.0,0.0,0.0,-0.0,0.0,0.0,0.0,0.84,11.01,,,0.0
11.100000000000001,0.0,0.0,0.0,0.0,0.0,-0.0,0.0,0.0,0.0,0.84,11.01,,,0.0
11.15,0.0,0.0,0.0,0.0,0.0,-0.001,0.0,0.0,0.0,0.84,11.01,,,0.0
11.200000000000001,0.0,0.0,0.0,0.0,0.0,0.0,0.0,0.0,0.0,0.84,11.01,,,0.0
11.25,0.0,0.0,0.0,0.0,0.0,0.0,0.0,0.0,0.0,0.84,11.01,,,0.0
11.3,0.0,0.0,0.0,0.0,0.0,-0.0,0.0,0.0,0.0,0.84,11.01,,,0.0
11.350000000000001,0.0,0.0,0.0,0.0,0.0,-0.0,0.0,0.0,0.0,0.84,11.01,,,0.0
11.4,0.0,0.0,0.0,0.0,0.0,-0.0,0.0,0.0,0.0,0.84,11.01,,,0.0
11.450000000000001,0.0,0.0,0.0,0.0,0.0,-0.0,0.0,0.0,0.0,0.84,11.01,,,0.0
11.5,0.0,0.0,0.0,0.0,0.0,-0.0,0.0,0.0,0.0,0.84,11.01,,,0.0
11.55,0.0,0.0,0.0,0.0,0.0,-0.0,0.0,0.0,0.0,0.84,11.01,,,0.0
11.600000000000001,0.0,0.0,0.0,0.0,0.0,0.0,0.0,0.0,0.0,0.84,11.01,,,0.0
11.65,0.0,0.0,0.0,0.0,0.0,0.0,0.0,0.0,0.0,0.84,11.01,,,0.0
11.700000000000001,0.0,0.0,0.0,0.0,0.0,0.0,0.0,0.0,0.0,0.84,11.01,,,0.0
11.75,0.0,0.0,0.0,0.0,0.0,-0.0,0.0,0.0,0.0,0.84,11.01,,,0.0
11.8,0.0,0.0,0.0,0.0,0.0,-0.0,0.0,0.0,0.0,0.84,11.01,,,0.0
11.850000000000001,0.0,0.0,0.0,0.0,0.0,-0.0,0.0,0.0,0.0,0.84,11.01,,,0.0
11.9,0.0,0.0,0.0,0.0,0.0,-0.0,0.0,0.0,0.0,0.84,11.01,,,0.0
11.950000000000001,0.0,0.0,0.0,0.0,0.0,-0.0,0.0,0.0,0.0,0.84,11.01,,,0.0
12.0,0.0,0.0,0.0,0.0,0.0,0.0,0.0,0.0,0.0,0.84,11.01,,,0.0
12.05,0.0,0.0,0.0,0.0,0.0,0.0,0.0,0.0,0.0,0.84,11.01,,,0.0
12.100000000000001,0.0,0.0,0.0,0.0,0.0,0.0,0.0,0.0,0.0,0.84,11.01,,,0.0
12.15,0.0,0.0,0.0,0.0,0.0,-0.0,0.0,0.0,0.0,0.84,11.01,,,0.0
12.200000000000001,0.0,0.0,0.0,0.0,0.0,0.0,0.0,0.0,0.0,0.84,11.01,,,0.0
12.25,0.0,0.0,0.0,0.0,0.0,0.0,0.0,0.0,0.0,0.84,11.01,,,0.0
12.3,0.29,0.08,0.0,0.0,0.0,1.616,0.0,0.0,0.0,0.84,11.01,,,0.0
12.350000000000001,1.61,0.45,0.02,0.0,0.0,7.324,0.009,0.0,0.02,0.84,10.99,,,0.1
12.4,2.54,0.71,0.02,0.0,0.0,5.198,0.012,0.0,0.05,0.84,10.96,,,0.25
12.450000000000001,3.29,0.91,0.02,0.0,0.01,4.122,0.011,0.0,0.09,0.84,10.92,,,0.42
12.5,3.83,1.06,0.02,0.0,0.01,2.993,0.01,0.0,0.14,0.84,10.87,,,0.57
12.55,4.07,1.13,0.02,0.0,0.01,1.384,0.01,0.0,0.2,0.84,10.81,,,0.64
12.600000000000001,4.12,1.14,0.02,0.0,0.01,0.228,0.009,0.0,0.25,0.84,10.75,,,0.66
12.65,4.11,1.14,0.02,0.0,0.01,-0.017,0.009,0.0,0.31,0.84,10.7,,,0.65
12.700000000000001,4.01,1.11,0.02,0.0,0.01,-0.595,0.009,0.0,0.37,0.84,10.64,,,0.62
12.75,3.89,1.08,0.02,0.0,0.02,-0.665,0.008,0.0,0.42,0.84,10.59,,,0.58
12.8,3.84,1.07,0.01,0.0,0.02,-0.238,0.008,0.0,0.48,0.85,10.53,,,0.57
12.850000000000001,3.93,1.09,0.01,0.0,0.02,0.468,-0.002,0.0,0.53,0.85,10.48,,,0.6
12.9,4.16,1.16,0.01,0.0,0.02,1.313,-0.005,0.0,0.58,0.85,10.42,,,0.67
12.950000000000001,4.56,1.27,0.63,0.02,0.08,2.189,0.34,0.0,0.65,0.86,10.37,,,0.8
13.0,5.0,1.39,1.16,0.05,0.19,2.455,0.635,0.0,0.71,0.87,10.32,,,0.97
13.05,5.4,1.5,0.73,0.07,0.26,2.251,0.395,0.0,0.79,0.88,10.26,,,1.13
13.100000000000001,5.73,1.59,1.38,0.11,0.4,1.794,0.76,0.0,0.86,0.9,10.2,,,1.26
13.15,5.97,1.66,0.96,0.14,0.49,1.353,0.523,0.0,0.95,0.92,10.13,,,1.37
13.200000000000001,6.17,1.71,1.62,0.18,0.65,1.113,0.892,0.0,1.03,0.94,10.07,,,1.46
13.25,6.31,1.75,1.2,0.21,0.77,0.767,0.659,0.0,1.12,0.96,10.0,,,1.52
13.3,6.39,1.77,1.87,0.27,0.96,0.443,1.029,0.0,1.21,0.98,9.94,,,1.55
13.350000000000001,6.4,1.78,1.45,0.31,1.1,0.049,0.797,0.0,1.29,1.0,9.87,,,1.55
13.4,6.31,1.75,2.12,0.36,1.31,-0.497,1.169,0.0,1.38,1.03,9.81,,,1.49
13.450000000000001,6.19,1.72,1.7,0.39,1.42,-0.684,0.595,0.0,1.47,1.06,9.75,,,1.43
13.5,5.92,1.65,2.37,0.43,1.54,-1.457,0.673,0.0,1.55,1.09,9.7,,,1.3
13.55,5.6,1.56,1.96,0.46,1.66,-1.8,0.686,0.0,1.63,1.12,9.65,,,1.14
13.600000000000001,5.26,1.46,2.64,0.5,1.79,-1.885,0.695,0.0,1.71,1.15,9.61,,,0.99
13.65,4.91,1.36,2.23,0.53,1.92,-1.921,0.706,0.0,1.78,1.19,9.57,,,0.84
13.700000000000001,4.57,1.27,2.91,0.57,2.04,-1.933,0.714,0.0,1.84,1.22,9.54,,,0.7
13.75,4.19,1.16,2.5,0.6,2.17,-2.109,0.723,0.0,1.9,1.26,9.52,,,0.56
13.8,3.77,1.05,3.18,0.64,2.31,-2.301,0.729,0.0,1.96,1.3,9.51,,,0.41
13.850000000000001,3.3,0.92,2.77,0.68,2.44,-2.604,0.736,0.0,2.0,1.34,9.5,,,0.27
13.9,2.21,0.61,3.45,0.71,2.57,-6.09,0.742,0.0,2.04,1.39,9.51,,,0.02
13.950000000000001,0.01,0.0,3.05,0.75,2.71,-12.209,0.747,0.0,2.05,1.43,9.54,,,0.0
14.0,0.0,0.0,3.73,0.79,2.84,-0.036,0.752,0.0,2.05,1.48,9.59,,,0.0
14.05,0.0,0.0,3.32,0.83,2.98,-0.016,0.755,0.0,2.05,1.53,9.64,,,0.0
14.100000000000001,0.0,0.0,4.0,0.87,3.11,0.011,0.759,0.0,2.06,1.59,9.69,,,0.0
14.15,0.0,0.0,3.6,0.9,3.25,0.006,0.762,0.0,2.06,1.64,9.74,,,0.0
14.200000000000001,0.0,0.0,4.28,0.94,3.39,0.002,0.764,0.0,2.06,1.69,9.8,,,0.0
14.25,0.0,0.0,3.88,0.98,3.53,-0.0,0.767,0.0,2.06,1.75,9.86,,,0.0
14.3,0.0,0.0,4.56,1.02,3.67,-0.001,0.768,0.0,2.06,1.81,9.92,,,0.0
14.350000000000001,0.0,0.0,4.16,1.06,3.8,-0.002,0.77,0.0,2.06,1.87,9.98,,,0.0
14.4,0.0,0.0,4.84,1.1,3.94,-0.003,0.77,0.0,2.06,1.94,10.04,,,0.0
14.450000000000001,0.0,0.0,4.44,1.13,4.08,-0.003,0.772,0.0,2.06,2.0,10.11,,,0.0
14.5,0.0,0.0,5.12,1.17,4.22,-0.002,0.772,0.0,2.06,2.07,10.18,,,0.0
14.55,0.0,0.0,4.71,1.21,4.36,-0.002,0.773,0.0,2.06,2.14,10.24,,,0.0
14.600000000000001,0.0,0.0,5.39,1.25,4.5,-0.002,0.773,0.0,2.06,2.21,10.32,,,0.0
14.65,0.0,0.0,4.99,1.29,4.64,-0.002,0.772,0.0,2.06,2.28,10.39,,,0.0
14.700000000000001,0.0,0.0,5.67,1.33,4.78,-0.004,0.772,0.0,2.06,2.36,10.46,,,0.0
14.75,0.0,0.0,5.27,1.37,4.92,0.0,0.773,0.0,2.06,2.43,10.54,,,0.0
14.8,0.0,0.0,5.95,1.4,5.05,0.0,0.771,0.0,2.06,2.51,10.62,,,0.0
14.850000000000001,0.0,0.0,5.55,1.44,5.19,0.0,0.774,0.0,2.06,2.59,10.7,,,0.0
14.9,0.0,0.0,6.23,1.48,5.33,-0.0,0.77,0.0,2.06,2.68,10.78,,,0.0
14.950000000000001,0.0,0.0,5.83,1.52,5.47,-0.0,0.776,0.0,2.06,2.76,10.87,,,0.0
15.0,0.0,0.0,6.5,1.56,5.61,-0.0,0.771,0.0,2.06,2.85,10.96,,,0.0
15.05,0.0,0.0,6.11,1.6,5.75,-0.0,0.777,0.0,2.06,2.94,11.04,,,0.0
15.100000000000001,0.0,0.0,6.78,1.64,5.89,-0.001,0.769,0.0,2.06,3.03,11.13,,,0.0
15.15,0.0,0.0,6.39,1.67,6.03,0.0,0.778,0.0,2.06,3.12,11.22,,,0.0
15.200000000000001,0.0,0.0,7.05,1.71,6.17,0.0,0.769,0.0,2.06,3.21,11.32,,,0.0
15.25,0.0,0.0,6.67,1.75,6.31,0.0,0.776,0.0,2.06,3.31,11.42,,,0.0
15.3,0.0,0.0,7.33,1.79,6.45,-0.0,0.767,0.0,2.06,3.41,11.52,,,0.0
15.350000000000001,0.05,0.01,6.95,1.83,6.59,0.26,0.775,0.0,2.06,3.51,11.61,,,0.0
15.4,0.01,0.0,7.6,1.87,6.72,-0.224,0.766,0.0,2.06,3.61,11.72,,,0.0
15.450000000000001,0.04,0.01,7.23,1.91,6.86,0.162,0.775,0.0,2.06,3.71,11.82,,,0.0
15.5,0.0,0.0,7.88,1.94,7.0,-0.177,0.765,0.0,2.06,3.82,11.93,,,0.0
15.55,0.04,0.01,7.51,1.98,7.14,0.197,0.776,0.0,2.06,3.93,12.03,,,0.0
15.600000000000001,0.01,0.0,8.16,2.02,7.28,-0.152,0.766,0.0,2.06,4.04,12.14,,,0.0
15.65,0.05,0.01,7.79,2.06,7.42,0.218,0.778,0.0,2.06,4.15,12.25,,,0.0
15.700000000000001,0.03,0.01,8.43,2.1,7.56,-0.134,0.766,0.0,2.06,4.26,12.37,,,0.0
15.75,0.07,0.02,8.07,2.14,7.7,0.238,0.78,0.0,2.06,4.38,12.48,,,0.0
15.8,0.05,0.01,8.71,2.18,7.83,-0.121,0.767,0.0,2.06,4.5,12.6,,,0.0
15.850000000000001,0.09,0.03,8.36,2.22,7.97,0.246,0.782,0.0,2.07,4.62,12.71,,,0.0
15.9,0.07,0.02,8.99,2.25,8.11,-0.111,0.769,0.0,2.07,4.74,12.84,,,0.0
15.950000000000001,0.12,0.03,8.64,2.29,8.25,0.26,0.786,0.0,2.07,4.86,12.96,,,0.0
16.0,0.1,0.03,9.27,2.33,8.39,-0.102,0.774,0.0,2.07,4.99,13.08,,,0.0
16.05,0.15,0.04,8.93,2.37,8.54,0.265,0.79,0.0,2.07,5.11,13.21,,,0.0
16.1,0.13,0.04,9.56,2.41,8.68,-0.094,0.779,0.0,2.07,5.24,13.34,,,0.0
16.150000000000002,0.18,0.05,9.22,2.45,8.82,0.28,0.796,0.0,2.08,5.37,13.46,,,0.0
16.2,0.17,0.05,9.85,2.49,8.96,-0.084,0.784,0.0,2.08,5.51,13.6,,,0.0
16.25,0.22,0.06,9.51,2.53,9.1,0.285,0.8,0.0,2.08,5.64,13.73,,,0.0
16.3,0.21,0.06,10.13,2.57,9.25,-0.07,0.789,0.0,2.08,5.78,13.86,,,0.0
16.35,0.26,0.07,9.81,2.61,9.39,0.321,0.806,0.0,2.09,5.92,14.0,,,0.0
16.400000000000002,0.44,0.12,10.42,2.65,9.53,0.994,0.794,0.0,2.09,6.06,14.14,,,0.0
16.45,0.87,0.24,10.1,2.69,9.68,2.391,0.809,0.0,2.1,6.2,14.27,,,0.0
16.5,0.98,0.27,10.71,2.73,9.82,0.595,0.795,0.0,2.11,6.35,14.4,,,0.0
16.55,1.21,0.34,10.39,2.77,9.97,1.272,0.81,0.0,2.13,6.5,14.53,,,0.0
16.6,1.28,0.36,10.99,2.81,10.11,0.408,0.796,0.0,2.15,6.65,14.67,,,0.0
16.650000000000002,1.37,0.38,10.68,2.85,10.26,0.467,0.811,0.0,2.17,6.8,14.8,,,0.0
16.7,1.34,0.37,11.28,2.89,10.4,-0.126,0.797,0.0,2.18,6.95,14.93,,,0.0
16.75,1.39,0.39,10.98,2.93,10.55,0.266,0.812,0.0,2.2,7.11,15.07,,,0.0
16.8,1.32,0.37,11.57,2.97,10.69,-0.396,0.798,0.0,2.22,7.27,15.21,,,0.0
16.85,1.42,0.4,11.27,3.01,10.84,0.57,0.813,0.0,2.24,7.42,15.35,,,0.0
16.900000000000002,1.65,0.46,11.86,3.05,10.98,1.26,0.799,0.0,2.26,7.59,15.49,,,0.0
16.95,1.71,0.47,11.56,3.09,11.13,0.33,0.815,0.0,2.29,7.75,15.63,,,0.0
17.0,1.91,0.53,12.15,3.13,11.27,1.095,0.802,0.0,2.31,7.92,15.77,,,0.0
17.05,2.05,0.57,11.86,3.17,11.42,0.812,0.816,0.0,2.34,8.08,15.91,,,0.0
17.1,2.25,0.63,12.44,3.21,11.56,1.129,0.802,0.0,2.37,8.26,16.05,,,0.0
17.150000000000002,2.45,0.68,12.15,3.25,11.71,1.064,0.816,0.0,2.4,8.43,16.19,,,0.0
17.2,2.63,0.73,12.73,3.29,11.86,1.015,0.803,0.0,2.44,8.6,16.33,,,0.0
17.25,2.64,0.73,12.45,3.33,12.0,0.048,0.819,0.0,2.48,8.78,16.46,,,0.0
17.3,2.65,0.74,13.02,3.37,12.15,0.064,0.805,0.0,2.51,8.95,16.61,,,0.0
17.35,2.68,0.74,12.74,3.42,12.3,0.151,0.819,0.0,2.55,9.13,16.75,,,0.0
17.400000000000002,2.74,0.76,13.31,3.46,12.44,0.346,0.805,0.0,2.59,9.32,16.89,,,0.0
17.45,2.85,0.79,13.04,3.5,12.59,0.605,0.818,0.0,2.63,9.5,17.04,,,0.0
17.5,3.0,0.83,13.59,3.54,12.73,0.839,0.802,0.0,2.67,9.69,17.18,,,0.0
17.55,3.18,0.88,13.33,3.58,12.88,1.018,0.817,0.0,2.71,9.87,17.33,,,0.0
17.6,3.38,0.94,13.88,3.62,13.02,1.082,0.802,0.0,2.76,10.06,17.47,,,0.0
17.650000000000002,3.55,0.98,13.62,3.66,13.17,0.94,0.816,0.0,2.8,10.25,17.62,,,0.0
17.7,3.68,1.02,14.17,3.7,13.31,0.771,0.8,0.0,2.85,10.45,17.76,,,0.0
17.75,3.82,1.06,13.91,3.74,13.46,0.741,0.813,0.0,2.91,10.64,17.9,,,0.0
17.8,3.94,1.09,14.45,3.78,13.6,0.687,0.797,0.0,2.96,10.84,18.05,,,0.0
17.85,4.06,1.13,14.2,3.82,13.75,0.663,0.81,0.0,3.02,11.04,18.19,,,0.0
17.900000000000002,4.16,1.16,14.74,3.86,13.89,0.578,0.794,0.0,3.07,11.25,18.34,,,0.0
17.95,4.24,1.18,14.49,3.9,14.04,0.412,0.808,0.0,3.13,11.45,18.48,,,0.0
18.0,4.29,1.19,15.02,3.94,14.18,0.304,0.791,0.0,3.19,11.66,18.63,,,0.0
18.05,4.35,1.21,14.78,3.98,14.33,0.334,0.806,0.0,3.25,11.86,18.78,,,0.0
18.1,4.43,1.23,15.3,4.02,14.47,0.418,0.786,0.0,3.31,12.07,18.93,,,0.0
18.150000000000002,4.53,1.26,15.07,4.06,14.61,0.555,0.804,0.0,3.38,12.28,19.07,,,0.0
18.2,4.65,1.29,15.57,4.1,14.75,0.698,0.783,0.0,3.44,12.5,19.23,,,0.0
18.25,4.8,1.33,15.36,4.14,14.9,0.812,0.804,0.0,3.5,12.71,19.37,,,0.0
18.3,4.95,1.38,15.86,4.18,15.04,0.846,0.782,0.0,3.57,12.93,19.53,,,0.0
18.35,5.1,1.42,15.65,4.22,15.18,0.823,0.806,0.0,3.64,13.15,19.67,,,0.0
18.400000000000002,5.24,1.45,16.14,4.26,15.32,0.754,0.78,0.0,3.71,13.37,19.83,,,0.0
18.45,5.36,1.49,15.94,4.3,15.47,0.673,0.807,0.0,3.79,13.6,19.98,,,0.0
18.5,5.47,1.52,16.42,4.34,15.61,0.608,0.782,0.0,3.86,13.82,20.13,,,0.0
18.55,5.57,1.55,16.24,4.38,15.76,0.566,0.81,0.0,3.94,14.05,20.28,,,0.0
18.6,5.67,1.57,16.71,4.42,15.9,0.558,0.785,0.0,4.02,14.28,20.43,,,0.0
18.650000000000002,5.76,1.6,16.53,4.46,16.04,0.519,0.813,0.0,4.1,14.51,20.58,,,0.0
18.7,5.86,1.63,16.99,4.5,16.18,0.547,0.787,0.0,4.18,14.75,20.73,,,0.0
18.75,5.99,1.66,16.83,4.54,16.33,0.728,0.815,0.0,4.26,14.98,20.89,,,0.0
18.8,6.15,1.71,17.27,4.58,16.47,0.865,0.786,0.0,4.35,15.22,21.04,,,0.0
18.85,6.33,1.76,17.12,4.62,16.62,0.993,0.814,0.0,4.43,15.46,21.19,,,0.0
18.900000000000002,6.55,1.82,17.55,4.66,16.76,1.217,0.785,0.0,4.52,15.7,21.35,,,0.0
18.95,6.79,1.89,17.41,4.7,16.91,1.375,0.813,0.0,4.62,15.95,21.5,,,0.0
19.0,7.04,1.96,17.83,4.74,17.05,1.373,0.783,0.0,4.71,16.19,21.65,,,0.0
19.05,7.27,2.02,17.7,4.78,17.19,1.256,0.812,0.0,4.81,16.44,21.79,,,0.0
19.1,7.46,2.07,17.71,4.8,17.29,1.069,0.557,0.0,4.91,16.69,21.94,,,0.0
19.150000000000002,7.61,2.12,18.5,4.86,17.49,0.862,1.091,0.0,5.02,16.94,22.09,,,0.0
19.200000000000003,7.74,2.15,18.0,4.89,17.59,0.7,0.558,0.0,5.13,17.2,22.24,,,0.0
19.25,7.85,2.18,18.46,4.93,17.75,0.621,0.907,0.0,5.23,17.45,22.38,,,0.0
19.3,7.96,2.21,18.46,4.96,17.87,0.625,0.659,0.0,5.35,17.71,22.53,,,0.0
19.35,8.09,2.25,18.78,5.01,18.04,0.691,0.925,0.0,5.46,17.97,22.68,,,0.0
19.400000000000002,8.23,2.29,18.74,5.04,18.16,0.788,0.658,0.0,5.57,18.23,22.83,,,0.0
19.450000000000003,8.39,2.33,19.03,5.09,18.32,0.884,0.9,0.0,5.69,18.49,22.98,,,0.0
19.5,8.56,2.38,18.96,5.12,18.43,0.956,0.627,0.0,5.8,18.76,23.12,,,0.0
19.55,8.74,2.43,19.23,5.16,18.59,0.99,0.848,0.0,5.92,19.02,23.27,,,0.0
19.6,8.92,2.48,19.14,5.2,18.73,0.986,0.796,0.0,6.05,19.29,23.41,,,0.0
19.650000000000002,9.09,2.52,19.39,5.23,18.82,0.954,0.496,0.0,6.17,19.56,23.56,,,0.0
19.700000000000003,9.25,2.57,19.29,5.26,18.95,0.906,0.718,0.0,6.3,19.83,23.7,,,0.0
19.75,9.41,2.61,19.52,5.29,19.05,0.857,0.589,0.0,6.43,20.1,23.84,,,0.0
19.8,9.55,2.65,19.41,5.32,19.15,0.821,0.526,0.0,6.56,20.37,23.98,,,0.0
19.85,9.7,2.69,19.63,5.34,19.23,0.802,0.468,0.0,6.69,20.64,24.12,,,0.0
19.900000000000002,9.84,2.73,19.5,5.36,19.31,0.802,0.424,0.0,6.83,20.91,24.25,,,0.0
19.950000000000003,9.99,2.78,19.71,5.38,19.38,0.817,0.38,0.0,6.97,21.19,24.39,,,0.0
20.0,10.14,2.82,19.58,5.4,19.44,0.84,0.343,0.0,7.11,21.46,24.52,,,0.0
20.05,10.3,2.86,20.08,5.42,19.52,0.865,0.472,0.0,7.25,21.74,24.65,,,0.0
20.1,10.46,2.9,19.91,5.44,19.6,0.884,0.426,0.0,7.4,22.01,24.79,,,0.0
20.150000000000002,10.62,2.95,20.08,5.46,19.67,0.894,0.383,0.0,7.54,22.29,24.92,,,0.0
20.200000000000003,10.78,2.99,19.91,5.48,19.73,0.895,0.345,0.0,7.69,22.57,25.05,,,0.0
20.25,10.94,3.04,20.08,5.5,19.79,0.888,0.31,0.0,7.84,22.85,25.18,,,0.0
20.3,11.1,3.08,19.91,5.51,19.84,0.876,0.28,0.0,8.0,23.12,25.3,,,0.0
20.35,11.23,3.12,20.08,5.52,19.88,0.768,0.251,0.0,8.15,23.4,25.42,,,0.0
20.400000000000002,11.36,3.16,19.91,5.53,19.92,0.709,0.227,0.0,8.31,23.68,25.54,,,0.0
20.450000000000003,11.5,3.2,20.08,5.54,19.96,0.795,0.203,0.0,8.47,23.96,25.66,,,0.0
20.5,11.66,3.24,19.91,5.55,19.99,0.865,0.184,0.0,8.63,24.23,25.78,,,0.0
20.55,11.83,3.29,20.08,5.55,19.99,0.925,0.001,0.0,8.79,24.51,25.89,,,0.0
20.6,12.0,3.33,19.91,5.55,19.99,0.965,0.0,0.0,8.96,24.79,26.01,,,0.0
20.650000000000002,12.18,3.38,20.08,5.55,19.99,0.974,-0.0,0.0,9.13,25.07,26.12,,,0.0
20.700000000000003,12.35,3.43,19.91,5.55,19.99,0.959,0.0,0.0,9.3,25.35,26.22,,,0.0
20.75,12.52,3.48,20.08,5.55,19.99,0.926,-0.0,0.0,9.47,25.62,26.33,,,0.0
20.8,12.67,3.52,19.91,5.55,19.99,0.884,-0.0,0.0,9.64,25.9,26.43,,,0.0
20.85,12.83,3.56,20.08,5.55,19.99,0.846,-0.0,0.0,9.82,26.18,26.53,,,0.0
20.900000000000002,12.97,3.6,19.91,5.55,19.99,0.815,-0.0,0.0,10.0,26.46,26.63,,,0.0
20.950000000000003,13.11,3.64,20.08,5.55,19.99,0.75,0.0,0.0,10.18,26.73,26.73,,,0.0
21.0,13.25,3.68,19.91,5.55,19.99,0.767,-0.0,0.0,10.36,27.01,26.82,,,0.0
21.05,13.41,3.72,20.08,5.55,19.99,0.904,0.0,0.0,10.55,27.29,26.91,,,0.0
21.1,13.59,3.78,19.91,5.55,19.99,1.014,-0.0,0.0,10.74,27.57,27.0,,,0.0
21.150000000000002,13.78,3.83,20.08,5.55,19.99,1.04,-0.0,0.0,10.93,27.85,27.09,,,0.0
21.200000000000003,13.98,3.88,19.91,5.55,19.99,1.097,-0.0,0.0,11.12,28.12,27.17,,,0.0
21.25,14.2,3.94,20.08,5.55,19.99,1.226,0.0,0.0,11.32,28.4,27.26,,,0.0
21.3,14.43,4.01,19.91,5.55,19.99,1.269,-0.0,0.0,11.52,28.68,27.34,,,0.0
21.35,14.65,4.07,20.08,5.55,19.99,1.247,-0.0,0.0,11.72,28.96,27.41,,,0.0
21.400000000000002,14.86,4.13,19.91,5.55,19.99,1.171,-0.0,0.0,11.92,29.23,27.48,,,0.0
21.450000000000003,15.05,4.18,20.08,5.55,19.99,1.053,-0.0,0.0,12.13,29.51,27.55,,,0.0
21.5,15.21,4.22,19.91,5.55,19.99,0.863,-0.0,0.0,12.34,29.79,27.62,,,0.0
21.55,15.34,4.26,20.08,5.55,19.99,0.767,-0.0,0.0,12.55,30.07,27.69,,,0.0
21.6,15.5,4.31,19.91,5.55,19.99,0.859,-0.0,0.0,12.77,30.34,27.75,,,0.0
21.650000000000002,15.67,4.35,20.08,5.55,19.99,0.955,-0.0,0.0,12.99,30.62,27.81,,,0.0
21.700000000000003,15.86,4.41,19.91,5.55,19.99,1.049,-0.0,0.0,13.2,30.9,27.87,,,0.0
21.75,16.06,4.46,20.08,5.55,19.99,1.122,-0.0,0.0,13.43,31.18,27.93,,,0.0
21.8,16.27,4.52,19.91,5.55,19.99,1.152,-0.0,0.0,13.65,31.46,27.98,,,0.0
21.85,16.47,4.58,20.08,5.55,19.99,1.144,-0.0,0.0,13.88,31.73,28.03,,,0.2
21.900000000000002,16.66,4.63,19.91,5.55,19.99,1.044,-0.0,0.0,14.11,32.01,28.07,,,0.44
21.950000000000003,16.84,4.68,20.08,5.55,19.99,0.997,-0.0,0.0,14.34,32.29,28.12,,,0.67
22.0,17.04,4.73,19.91,5.55,19.99,1.088,-0.0,0.0,14.58,32.57,28.16,,,0.93
22.05,17.24,4.79,20.08,5.55,19.99,1.14,-0.0,0.0,14.82,32.84,28.2,,,1.2
22.1,17.45,4.85,19.91,5.55,19.99,1.161,-0.0,0.0,15.06,33.12,28.24,,,1.48
22.150000000000002,17.66,4.91,20.08,5.55,19.99,1.146,-0.0,0.0,15.3,33.4,28.27,,,1.76
22.200000000000003,17.86,4.96,19.91,5.55,19.99,1.103,-0.0,0.0,15.55,33.68,28.3,,,2.03
22.25,18.04,5.01,20.08,5.55,19.99,1.044,-0.0,0.0,15.8,33.96,28.33,,,2.29
22.3,18.22,5.06,19.91,5.55,19.99,0.982,-0.0,0.0,16.05,34.23,28.36,,,2.54
22.35,18.39,5.11,20.08,5.55,19.99,0.929,-0.0,0.0,16.31,34.51,28.38,,,2.77
22.400000000000002,18.55,5.15,19.91,5.55,19.99,0.895,-0.0,0.0,16.56,34.79,28.4,,,3.0
22.450000000000003,18.71,5.2,20.08,5.55,19.99,0.885,-0.0,0.0,16.82,35.07,28.42,,,3.23
22.5,18.87,5.24,19.91,5.55,19.99,0.895,-0.0,0.0,17.08,35.34,28.44,,,3.47
22.55,19.02,5.28,20.08,5.55,19.99,0.84,-0.0,0.0,17.35,35.62,28.45,,,3.69
22.6,19.17,5.32,19.91,5.55,19.99,0.8,-0.0,0.0,17.61,35.9,28.46,,,3.9
22.650000000000002,19.33,5.37,20.08,5.55,19.99,0.911,-0.0,0.0,17.88,36.18,28.47,,,4.14
22.700000000000003,19.51,5.42,19.91,5.55,19.99,1.005,-0.0,0.0,18.15,36.45,28.48,,,4.41
22.75,19.7,5.47,20.08,5.55,19.99,1.078,-0.0,0.0,18.42,36.73,28.49,,,4.71
22.8,19.91,5.53,19.91,5.55,19.99,1.115,-0.0,0.0,18.7,37.01,28.49,,,5.02
22.85,20.11,5.58,20.08,5.55,19.99,1.112,-0.0,0.0,18.97,37.29,28.49,,,5.32
22.900000000000002,20.3,5.64,19.91,5.55,19.99,1.073,-0.0,0.0,19.26,37.57,28.48,,,5.63
22.950000000000003,20.48,5.69,20.08,5.55,19.99,1.011,-0.0,0.0,19.54,37.84,28.48,,,5.91
23.0,20.65,5.74,19.91,5.55,19.99,0.94,-0.0,0.0,19.82,38.12,28.47,,,6.18
23.05,20.81,5.78,20.08,5.55,19.99,0.877,0.0,0.0,20.11,38.4,28.46,,,6.43
23.1,20.96,5.82,19.91,5.55,19.99,0.833,-0.0,0.0,20.4,38.68,28.45,,,6.67
23.150000000000002,21.09,5.86,20.08,5.55,19.99,0.742,0.0,0.0,20.69,38.95,28.43,,,6.89
23.200000000000003,21.21,5.89,19.91,5.55,19.99,0.682,-0.0,0.0,20.99,39.23,28.42,,,7.09
23.25,21.37,5.94,20.08,5.55,19.99,0.855,0.0,0.0,21.28,39.51,28.4,,,7.34
23.3,21.57,5.99,19.91,5.55,19.99,1.12,0.0,0.0,21.58,39.79,28.38,,,7.68
23.35,21.81,6.06,20.08,5.55,19.99,1.326,0.0,0.0,21.88,40.07,28.35,,,8.08
23.400000000000002,22.07,6.13,19.91,5.55,19.99,1.449,0.0,0.0,22.19,40.34,28.33,,,8.52
23.450000000000003,22.34,6.2,20.08,5.55,19.99,1.485,0.0,0.0,22.5,40.62,28.3,,,8.98
23.5,22.6,6.28,19.91,5.55,19.99,1.442,0.0,0.0,22.81,40.9,28.26,,,9.43
23.55,22.83,6.34,20.08,5.55,19.99,1.32,0.0,0.0,23.13,41.18,28.22,,,9.84
23.6,23.04,6.4,19.91,5.55,19.99,1.152,0.0,0.0,23.45,41.45,28.18,,,10.21
23.650000000000002,23.21,6.45,20.08,5.55,19.99,0.959,0.0,0.0,23.77,41.73,28.14,,,10.52
23.700000000000003,23.34,6.48,19.91,5.55,19.99,0.729,0.0,0.0,24.09,42.01,28.09,,,10.76
23.75,23.45,6.51,20.08,5.55,19.99,0.59,0.0,0.0,24.42,42.29,28.05,,,10.95
23.8,23.57,6.55,19.91,5.55,19.99,0.675,0.0,0.0,24.74,42.56,28.0,,,11.17
23.85,23.72,6.59,20.08,5.55,19.99,0.806,0.0,0.0,25.07,42.84,27.95,,,11.43
23.900000000000002,23.89,6.64,19.91,5.55,19.99,0.967,0.0,0.0,25.4,43.12,27.89,,,11.75
23.950000000000003,24.09,6.69,20.08,5.55,19.99,1.129,0.0,0.0,25.74,43.4,27.84,,,12.13
24.0,24.32,6.76,19.91,5.55,19.99,1.263,0.0,0.0,26.07,43.68,27.78,,,12.55
24.05,24.57,6.82,20.08,5.55,19.99,1.356,0.0,0.0,26.41,43.95,27.72,,,13.01
24.1,24.8,6.89,19.91,5.55,19.99,1.277,0.0,0.0,26.75,44.23,27.65,,,13.45
24.150000000000002,25.0,6.94,20.08,5.55,19.99,1.117,0.0,0.0,27.1,44.51,27.58,,,13.84
24.200000000000003,25.22,7.0,19.91,5.55,19.99,1.216,0.0,0.0,27.45,44.79,27.51,,,14.26
24.25,25.47,7.07,20.08,5.55,19.99,1.41,0.0,0.0,27.8,45.06,27.44,,,14.76
24.3,25.74,7.15,19.91,5.55,19.99,1.521,0.0,0.0,28.16,45.34,27.36,,,15.3
24.35,26.02,7.23,20.08,5.55,19.99,1.52,0.0,0.0,28.52,45.62,27.28,,,15.85
24.400000000000002,26.26,7.3,19.91,5.55,19.99,1.365,0.0,0.0,28.88,45.9,27.19,,,16.34
24.450000000000003,26.46,7.35,20.08,5.55,19.99,1.088,0.0,0.0,29.25,46.18,27.1,,,16.74
24.5,26.59,7.39,19.91,5.55,19.99,0.729,0.0,0.0,29.62,46.45,27.01,,,17.01
24.55,26.64,7.4,20.08,5.55,19.99,0.292,0.0,0.0,29.99,46.73,26.92,,,17.12
24.6,26.63,7.4,19.91,5.55,19.99,-0.09,0.0,0.0,30.36,47.01,26.83,,,17.08
24.650000000000002,26.58,7.38,20.08,5.55,19.99,-0.253,0.0,0.0,30.73,47.29,26.73,,,16.99
24.700000000000003,26.53,7.37,19.91,5.55,19.99,-0.286,0.0,0.0,31.09,47.56,26.64,,,16.88
24.75,26.49,7.36,20.08,5.55,19.99,-0.196,0.0,0.0,31.46,47.84,26.55,,,16.81
24.8,26.49,7.36,19.91,5.55,19.99,-0.024,0.0,0.0,31.83,48.12,26.46,,,16.8
24.85,26.52,7.37,20.08,5.55,19.99,0.174,0.0,0.0,32.2,48.4,26.37,,,16.87
24.900000000000002,26.58,7.38,19.91,5.55,19.99,0.344,0.0,0.0,32.57,48.67,26.28,,,16.99
24.950000000000003,26.66,7.41,20.08,5.55,19.99,0.443,0.0,0.0,32.94,48.95,26.19,,,17.16
25.0,26.74,7.43,19.91,5.55,19.99,0.45,0.0,0.0,33.31,49.23,26.1,,,17.33
25.05,26.81,7.45,20.08,5.55,19.99,0.363,0.0,0.0,33.68,49.51,26.0,,,17.46
25.1,26.84,7.46,19.91,5.55,19.99,0.168,0.0,0.0,34.05,49.79,25.91,,,17.52
25.150000000000002,26.83,7.45,20.08,5.55,19.99,-0.07,0.0,0.0,34.42,50.06,25.81,,,17.5
25.200000000000003,26.78,7.44,19.91,5.55,19.99,-0.256,0.0,0.0,34.8,50.34,25.72,,,17.4
25.25,26.71,7.42,20.08,5.55,19.99,-0.386,0.0,0.0,35.17,50.62,25.62,,,17.26
25.3,26.63,7.4,19.91,5.55,19.99,-0.456,0.0,0.0,35.54,50.9,25.53,,,17.09
25.35,26.54,7.37,20.08,5.55,19.99,-0.5,0.0,0.0,35.91,51.17,25.44,,,16.9
25.400000000000002,26.45,7.35,19.91,5.55,19.99,-0.483,0.0,0.0,36.28,51.45,25.35,,,16.73
25.450000000000003,26.38,7.33,20.08,5.55,19.99,-0.424,0.0,0.0,36.64,51.73,25.26,,,16.57
25.5,26.31,7.31,19.91,5.55,19.99,-0.346,0.0,0.0,37.01,52.01,25.17,,,16.44
25.55,26.26,7.3,20.08,5.55,19.99,-0.271,0.0,0.0,37.37,52.29,25.09,,,16.35
25.6,26.22,7.28,19.91,5.55,19.99,-0.221,0.0,0.0,37.74,52.56,25.0,,,16.27
25.650000000000002,26.19,7.27,20.08,5.55,19.99,-0.209,0.0,0.0,38.1,52.84,24.91,,,16.19
25.700000000000003,26.14,7.26,19.91,5.55,19.99,-0.239,0.0,0.0,38.46,53.12,24.83,,,16.1
25.75,26.09,7.25,20.08,5.55,19.99,-0.306,0.0,0.0,38.83,53.4,24.74,,,15.99
25.8,26.02,7.23,19.91,5.55,19.99,-0.395,0.0,0.0,39.19,53.67,24.66,,,15.85
25.85,25.93,7.2,20.08,5.55,19.99,-0.491,0.0,0.0,39.55,53.95,24.58,,,15.67
25.900000000000002,25.83,7.18,19.91,5.55,19.99,-0.534,0.0,0.0,39.91,54.23,24.49,,,15.48
25.950000000000003,25.73,7.15,20.08,5.55,19.99,-0.559,0.0,0.0,40.27,54.51,24.41,,,15.28
26.0,25.61,7.11,19.91,5.55,19.99,-0.678,0.0,0.0,40.62,54.78,24.33,,,15.04
26.05,25.47,7.07,20.08,5.55,19.99,-0.785,0.0,0.0,40.98,55.06,24.26,,,14.76
26.1,25.31,7.03,19.91,5.55,19.99,-0.868,0.0,0.0,41.33,55.34,24.18,,,14.45
26.150000000000002,25.14,6.98,20.08,5.55,19.99,-0.976,0.0,0.0,41.68,55.62,24.11,,,14.11
26.200000000000003,24.96,6.93,19.91,5.55,19.99,-1.006,0.0,0.0,42.03,55.9,24.04,,,13.76
26.25,24.78,6.88,20.08,5.55,19.99,-0.973,0.0,0.0,42.37,56.17,23.97,,,13.42
26.3,24.62,6.84,19.91,5.55,19.99,-0.889,0.0,0.0,42.72,56.45,23.91,,,13.12
26.35,24.48,6.8,20.08,5.55,19.99,-0.776,0.0,0.0,43.06,56.73,23.85,,,12.85
26.400000000000002,24.36,6.77,19.91,5.55,19.99,-0.652,0.0,0.0,43.4,57.01,23.78,,,12.63
26.450000000000003,24.27,6.74,20.08,5.55,19.99,-0.536,0.0,0.0,43.73,57.28,23.72,,,12.45
26.5,24.18,6.72,19.91,5.55,19.99,-0.464,0.0,0.0,44.07,57.56,23.67,,,12.3
26.55,24.1,6.7,20.08,5.55,19.99,-0.447,0.0,0.0,44.4,57.84,23.61,,,12.15
26.6,24.02,6.67,19.91,5.55,19.99,-0.479,0.0,0.0,44.74,58.12,23.55,,,11.99
26.650000000000002,23.92,6.64,20.08,5.55,19.99,-0.559,0.0,0.0,45.07,58.4,23.5,,,11.8
26.700000000000003,23.8,6.61,19.91,5.55,19.99,-0.667,0.0,0.0,45.4,58.67,23.44,,,11.58
26.75,23.65,6.57,20.08,5.55,19.99,-0.786,0.0,0.0,45.73,58.95,23.39,,,11.32
26.8,23.49,6.53,19.91,5.55,19.99,-0.898,0.0,0.0,46.06,59.23,23.34,,,11.02
26.85,23.33,6.48,20.08,5.55,19.99,-0.901,0.0,0.0,46.38,59.51,23.3,,,10.73
26.900000000000002,23.18,6.44,19.91,5.55,19.99,-0.858,0.0,0.0,46.71,59.78,23.25,,,10.45
26.950000000000003,23.0,6.39,20.08,5.55,19.99,-0.991,0.0,0.0,47.03,60.06,23.21,,,10.14
27.0,22.79,6.33,19.91,5.55,19.99,-1.163,0.0,0.0,47.35,60.34,23.17,,,9.77
27.05,22.57,6.27,20.08,5.55,19.99,-1.208,0.0,0.0,47.66,60.62,23.13,,,9.39
27.1,22.38,6.22,19.91,5.55,19.99,-1.088,0.0,0.0,47.97,60.89,23.1,,,9.05
27.150000000000002,22.23,6.17,20.08,5.55,19.99,-0.834,0.0,0.0,48.28,61.17,23.06,,,8.79
27.200000000000003,22.14,6.15,19.91,5.55,19.99,-0.49,0.0,0.0,48.59,61.45,23.03,,,8.64
27.25,22.12,6.14,20.08,5.55,19.99,-0.125,0.0,0.0,48.9,61.73,23.01,,,8.6
27.3,22.15,6.15,19.91,5.55,19.99,0.188,0.0,0.0,49.2,62.01,22.98,,,8.66
27.35,22.22,6.17,20.08,5.55,19.99,0.369,0.0,0.0,49.51,62.28,22.95,,,8.77
27.400000000000002,22.28,6.19,19.91,5.55,19.99,0.371,0.0,0.0,49.82,62.56,22.91,,,8.89
27.450000000000003,22.33,6.2,20.08,5.55,19.99,0.258,0.0,0.0,50.13,62.84,22.88,,,8.97
27.5,22.35,6.21,19.91,5.55,19.99,0.101,0.0,0.0,50.44,63.12,22.85,,,9.0
27.55,22.34,6.21,20.08,5.55,19.99,-0.03,0.0,0.0,50.75,63.39,22.82,,,8.99
27.6,22.32,6.2,19.91,5.55,19.99,-0.108,0.0,0.0,51.06,63.67,22.78,,,8.95
27.650000000000002,22.3,6.19,20.08,5.55,19.99,-0.141,0.0,0.0,51.37,63.95,22.75,,,8.91
27.700000000000003,22.28,6.19,19.91,5.55,19.99,-0.114,0.0,0.0,51.68,64.23,22.72,,,8.87
27.75,22.27,6.19,20.08,5.55,19.99,-0.033,0.0,0.0,51.99,64.51,22.69,,,8.86
27.8,22.29,6.19,19.91,5.55,19.99,0.086,0.0,0.0,52.3,64.78,22.66,,,8.89
27.85,22.32,6.2,20.08,5.55,19.99,0.219,0.0,0.0,52.61,65.06,22.62,,,8.96
27.900000000000002,22.39,6.22,19.91,5.55,19.99,0.341,0.0,0.0,52.92,65.34,22.59,,,9.06
27.950000000000003,22.46,6.24,20.08,5.55,19.99,0.434,0.0,0.0,53.23,65.62,22.56,,,9.2
28.0,22.55,6.26,19.91,5.55,19.99,0.486,0.0,0.0,53.54,65.89,22.52,,,9.35
28.05,22.64,6.29,20.08,5.55,19.99,0.497,0.0,0.0,53.86,66.17,22.49,,,9.51
28.1,22.73,6.31,19.91,5.55,19.99,0.475,0.0,0.0,54.17,66.45,22.45,,,9.66
28.150000000000002,22.8,6.33,20.08,5.55,19.99,0.39,0.0,0.0,54.49,66.73,22.41,,,9.78
28.200000000000003,22.84,6.35,19.91,5.55,19.99,0.259,0.0,0.0,54.81,67.0,22.37,,,9.86
28.25,22.87,6.35,20.08,5.55,19.99,0.125,0.0,0.0,55.12,67.28,22.33,,,9.9
28.3,22.86,6.35,19.91,5.55,19.99,-0.041,0.0,0.0,55.44,67.56,22.29,,,9.89
28.35,22.82,6.34,20.08,5.55,19.99,-0.199,0.0,0.0,55.76,67.84,22.25,,,9.83
28.400000000000002,22.76,6.32,19.91,5.55,19.99,-0.324,0.0,0.0,56.08,68.12,22.21,,,9.72
28.450000000000003,22.69,6.3,20.08,5.55,19.99,-0.399,0.0,0.0,56.39,68.39,22.18,,,9.6
28.5,22.62,6.28,19.91,5.55,19.99,-0.42,0.0,0.0,56.71,68.67,22.14,,,9.47
28.55,22.55,6.26,20.08,5.55,19.99,-0.396,0.0,0.0,57.02,68.95,22.1,,,9.34
28.6,22.49,6.25,19.91,5.55,19.99,-0.327,0.0,0.0,57.33,69.23,22.07,,,9.24
28.650000000000002,22.44,6.23,20.08,5.55,19.99,-0.242,0.0,0.0,57.64,69.5,22.03,,,9.16
28.700000000000003,22.41,6.22,19.91,5.55,19.99,-0.2,0.0,0.0,57.96,69.78,22.0,,,9.1
28.75,22.37,6.21,20.08,5.55,19.99,-0.202,0.0,0.0,58.27,70.06,21.97,,,9.04
28.8,22.33,6.2,19.91,5.55,19.99,-0.205,0.0,0.0,58.58,70.34,21.93,,,8.98
28.85,22.3,6.19,20.08,5.55,19.99,-0.202,0.0,0.0,58.89,70.62,21.9,,,8.91
28.900000000000002,22.26,6.18,19.91,5.55,19.99,-0.189,0.0,0.0,59.2,70.89,21.87,,,8.85
28.950000000000003,22.24,6.18,20.08,5.55,19.99,-0.116,0.0,0.0,59.51,71.17,21.84,,,8.82
29.0,22.24,6.18,19.91,5.55,19.99,-0.002,0.0,0.0,59.81,71.45,21.81,,,8.82
29.05,22.26,6.18,20.08,5.55,19.99,0.086,0.0,0.0,60.12,71.73,21.78,,,8.84
29.1,22.28,6.19,19.91,5.55,19.99,0.096,0.0,0.0,60.43,72.0,21.74,,,8.87
29.150000000000002,22.28,6.19,20.08,5.55,19.99,0.036,0.0,0.0,60.74,72.28,21.71,,,8.89
29.200000000000003,22.27,6.18,19.91,5.55,19.99,-0.092,0.0,0.0,61.05,72.56,21.68,,,8.86
29.25,22.22,6.17,20.08,5.55,19.99,-0.257,0.0,0.0,61.36,72.84,21.65,,,8.78
29.3,22.14,6.15,19.91,5.55,19.99,-0.427,0.0,0.0,61.67,73.11,21.62,,,8.65
29.35,22.04,6.12,20.08,5.55,19.99,-0.583,0.0,0.0,61.97,73.39,21.59,,,8.47
29.400000000000002,21.92,6.09,19.91,5.55,19.99,-0.647,0.0,0.0,62.28,73.67,21.56,,,8.27
29.450000000000003,21.82,6.06,20.08,5.55,19.99,-0.557,0.0,0.0,62.58,73.95,21.54,,,8.1
29.5,21.76,6.04,19.91,5.55,19.99,-0.346,0.0,0.0,62.89,74.23,21.51,,,8.0
29.55,21.74,6.04,20.08,5.55,19.99,-0.098,0.0,0.0,63.19,74.5,21.49,,,7.97
29.6,21.76,6.05,19.91,5.55,19.99,0.122,0.0,0.0,63.49,74.78,21.46,,,8.0
29.650000000000002,21.82,6.06,20.08,5.55,19.99,0.315,0.0,0.0,63.79,75.06,21.44,,,8.1
29.700000000000003,21.9,6.08,19.91,5.55,19.99,0.461,0.0,0.0,64.1,75.34,21.41,,,8.24
29.75,22.0,6.11,20.08,5.55,19.99,0.555,0.0,0.0,64.4,75.61,21.39,,,8.41
29.8,22.1,6.14,19.91,5.55,19.99,0.571,0.0,0.0,64.71,75.89,21.36,,,8.58
29.85,22.2,6.17,20.08,5.55,19.99,0.516,0.0,0.0,65.02,76.17,21.33,,,8.74
29.900000000000002,22.27,6.19,19.91,5.55,19.99,0.41,0.0,0.0,65.32,76.45,21.3,,,8.87
29.950000000000003,22.31,6.2,20.08,5.55,19.99,0.234,0.0,0.0,65.63,76.73,21.26,,,8.94
30.0,22.31,6.2,19.91,5.55,19.99,-0.012,0.0,0.0,65.94,77.0,21.23,,,8.94
30.05,22.26,6.18,20.08,5.55,19.99,-0.261,0.0,0.0,66.25,77.28,21.2,,,8.86
30.1,22.18,6.16,19.91,5.55,19.99,-0.463,0.0,0.0,66.56,77.56,21.17,,,8.71
30.150000000000002,22.07,6.13,20.08,5.55,19.99,-0.59,0.0,0.0,66.87,77.84,21.14,,,8.53
30.200000000000003,21.96,6.1,19.91,5.55,19.99,-0.626,0.0,0.0,67.18,78.11,21.11,,,8.34
30.25,21.86,6.07,20.08,5.55,19.99,-0.581,0.0,0.0,67.48,78.39,21.09,,,8.16
30.3,21.77,6.05,19.91,5.55,19.99,-0.478,0.0,0.0,67.78,78.67,21.06,,,8.02
30.35,21.71,6.03,20.08,5.55,19.99,-0.351,0.0,0.0,68.08,78.95,21.04,,,7.91
30.400000000000002,21.67,6.02,19.91,5.55,19.99,-0.193,0.0,0.0,68.39,79.22,21.01,,,7.85
30.450000000000003,21.68,6.02,20.08,5.55,19.99,0.008,0.0,0.0,68.69,79.5,20.99,,,7.86
30.5,21.71,6.03,19.91,5.55,19.99,0.203,0.0,0.0,68.99,79.78,20.97,,,7.92
30.55,21.78,6.05,20.08,5.55,19.99,0.359,0.0,0.0,69.29,80.06,20.94,,,8.03
30.6,21.86,6.07,19.91,5.55,19.99,0.454,0.0,0.0,69.59,80.34,20.92,,,8.16
30.650000000000002,21.93,6.09,20.08,5.55,19.99,0.4,0.0,0.0,69.9,80.61,20.89,,,8.28
30.700000000000003,21.97,6.1,19.91,5.55,19.99,0.207,0.0,0.0,70.2,80.89,20.86,,,8.35
30.75,21.97,6.1,19.99,5.55,19.98,-0.011,-0.049,0.0,70.51,81.17,20.83,,,8.35
30.8,21.92,6.09,19.91,5.55,19.98,-0.269,-0.0,0.0,70.81,81.44,20.81,,,8.27
30.85,21.83,6.06,20.08,5.55,19.98,-0.501,0.0,0.0,71.12,81.72,20.78,,,8.12
30.900000000000002,21.71,6.03,19.91,5.55,19.98,-0.666,0.0,0.0,71.42,82.0,20.76,,START,7.92
30.950000000000003,21.57,5.99,20.08,5.55,19.98,-0.741,-0.0,0.0,71.72,82.28,20.73,,,7.7
31.0,21.45,5.96,19.91,5.55,19.98,-0.683,-0.0,0.0,72.02,82.56,20.71,,,7.49
31.05,21.37,5.94,20.08,5.55,19.98,-0.465,-0.0,0.0,72.31,82.83,20.69,,,7.35
31.1,21.34,5.93,19.91,5.55,19.98,-0.149,-0.0,0.0,72.61,83.11,20.67,,,7.31
31.150000000000002,21.37,5.94,20.08,5.55,19.98,0.191,-0.0,0.0,72.91,83.39,20.66,,,7.37
31.200000000000003,21.46,5.96,19.91,5.55,19.98,0.479,-0.0,0.0,73.2,83.67,20.64,,,7.51
31.25,21.58,5.99,20.08,5.55,19.99,0.668,0.049,0.0,73.5,83.94,20.61,,,7.7
31.3,21.72,6.03,19.91,5.55,19.99,0.754,0.0,0.0,73.8,84.22,20.59,,,7.92
31.35,21.84,6.07,20.08,5.55,19.99,0.705,-0.0,0.0,74.11,84.5,20.57,,,8.14
31.400000000000002,21.93,6.09,19.91,5.55,19.99,0.474,-0.0,0.0,74.41,84.78,20.54,,,8.28
31.450000000000003,21.95,6.1,20.08,5.55,19.99,0.112,0.0,0.0,74.72,85.06,20.51,,,8.32
31.5,21.89,6.08,19.91,5.55,19.99,-0.316,0.0,0.0,75.02,85.33,20.49,,,8.22
31.55,21.77,6.05,20.08,5.55,19.99,-0.694,0.0,0.0,75.32,85.61,20.46,,,8.01
31.6,21.6,6.0,19.91,5.55,19.99,-0.938,0.0,0.0,75.62,85.89,20.44,,,7.73
31.650000000000002,21.41,5.95,20.08,5.55,19.99,-1.045,0.0,0.0,75.92,86.17,20.42,,,7.42
31.700000000000003,21.23,5.9,19.91,5.55,19.99,-1.023,0.0,0.0,76.22,86.44,20.4,,,7.11
31.75,21.07,5.85,20.08,5.55,19.99,-0.868,0.0,0.0,76.51,86.72,20.38,,,6.86
31.8,20.96,5.82,19.91,5.55,19.99,-0.632,0.0,0.0,76.8,87.0,20.37,,,6.67
31.85,20.89,5.8,20.08,5.55,19.99,-0.355,0.0,0.0,77.09,87.28,20.36,,,6.57
31.900000000000002,20.88,5.8,19.91,5.55,19.99,-0.043,0.0,0.0,77.38,87.55,20.34,,,6.56
31.950000000000003,20.93,5.81,20.08,5.55,19.99,0.255,0.0,0.0,77.67,87.83,20.33,,,6.63
32.0,21.01,5.84,19.91,5.55,19.99,0.464,0.0,0.0,77.97,88.11,20.32,,,6.77
32.050000000000004,21.12,5.87,20.08,5.55,19.99,0.583,0.0,0.0,78.26,88.39,20.3,,,6.94
32.1,21.23,5.9,19.91,5.55,19.99,0.613,0.0,0.0,78.55,88.67,20.29,,,7.12
32.15,21.33,5.92,20.08,5.55,19.99,0.543,0.0,0.0,78.85,88.94,20.27,,,7.28
32.2,21.4,5.94,19.91,5.55,19.99,0.407,0.0,0.0,79.15,89.22,20.25,,,7.4
32.25,21.44,5.96,19.93,5.55,19.98,0.232,-0.085,0.0,79.44,89.5,20.23,,,7.48
32.300000000000004,21.45,5.96,16.79,5.46,19.67,0.057,-1.732,0.0,79.74,89.75,20.19,,,7.82
32.35,21.43,5.95,14.79,5.32,19.14,-0.103,-2.937,0.0,80.04,89.98,20.11,,,8.31
32.4,21.39,5.94,14.56,5.17,18.6,-0.259,-2.973,0.0,80.34,90.2,20.04,,,8.76
32.45,21.32,5.92,14.2,5.0,18.01,-0.392,-3.266,0.0,80.63,90.42,19.96,,,9.19
32.5,21.23,5.9,13.75,4.83,17.4,-0.488,-3.424,0.0,80.93,90.63,19.87,,,9.61
32.550000000000004,21.13,5.87,13.23,4.64,16.71,-0.527,-3.805,0.0,81.22,90.84,19.79,,,10.06
32.6,21.04,5.84,12.65,4.44,15.99,-0.508,-4.034,0.0,81.51,91.03,19.69,,,10.52
32.65,20.96,5.82,12.05,4.22,15.18,-0.445,-4.459,0.0,81.81,91.23,19.59,,,11.03
32.7,20.9,5.8,11.44,3.98,14.34,-0.359,-4.707,0.0,82.1,91.42,19.49,,,11.57
32.75,20.85,5.79,10.95,3.73,13.44,-0.277,-4.988,0.0,82.39,91.6,19.39,,,12.13
32.800000000000004,20.81,5.78,10.36,3.55,12.8,-0.23,-3.575,0.0,82.68,91.78,19.27,,,12.5
32.85,20.76,5.77,9.78,3.42,12.3,-0.231,-2.784,0.0,82.96,91.94,19.15,,,12.76
32.9,20.71,5.75,9.2,3.27,11.76,-0.281,-2.979,0.0,83.25,92.1,19.02,,,13.01
32.95,20.65,5.74,8.6,3.11,11.2,-0.373,-3.112,0.0,83.54,92.25,18.89,,,13.23
33.0,20.56,5.71,7.99,2.95,10.62,-0.489,-3.198,0.0,83.83,92.4,18.74,,,13.41
33.050000000000004,20.45,5.68,7.37,2.79,10.04,-0.608,-3.253,0.0,84.11,92.53,18.59,,,13.55
33.1,20.32,5.64,6.74,2.62,9.45,-0.71,-3.282,0.0,84.39,92.65,18.43,,,13.65
33.15,20.18,5.61,6.1,2.46,8.85,-0.782,-3.307,0.0,84.67,92.77,18.27,,,13.71
33.2,20.03,5.56,5.45,2.29,8.25,-0.82,-3.328,0.0,84.95,92.88,18.09,,,13.74
33.25,19.88,5.52,4.79,2.12,7.64,-0.827,-3.419,0.0,85.23,92.97,17.91,,,13.76
33.300000000000004,19.74,5.48,4.14,1.95,7.02,-0.811,-3.455,0.0,85.51,93.06,17.73,,,13.78
33.35,19.6,5.44,3.48,1.77,6.39,-0.787,-3.498,0.0,85.78,93.14,17.53,,,13.78
33.4,19.46,5.41,2.82,1.6,5.75,-0.768,-3.54,0.0,86.05,93.21,17.33,,,13.77
33.45,19.32,5.37,2.16,1.42,5.11,-0.765,-3.574,0.0,86.32,93.26,17.12,,,13.74
33.5,19.18,5.33,1.5,1.24,4.46,-0.785,-3.606,0.0,86.59,93.31,16.9,,,13.69
33.550000000000004,19.04,5.29,0.57,1.05,3.78,-0.755,-3.781,0.0,86.85,93.32,16.64,,,13.64
33.6,18.91,5.25,0.8,0.88,3.18,-0.76,-3.3,0.0,87.11,93.33,16.38,,,13.54
33.65,18.74,5.21,0.89,0.74,2.66,-0.901,-2.896,0.0,87.38,93.34,16.12,,,13.38
33.7,18.56,5.16,0.86,0.61,2.2,-1.032,-2.548,0.0,87.63,93.35,15.87,,,13.17
33.75,18.35,5.1,0.76,0.5,1.8,-1.146,-2.242,0.0,87.89,93.36,15.61,,,12.92
33.800000000000004,18.13,5.04,0.61,0.4,1.45,-1.224,-1.959,0.0,88.14,93.37,15.36,,,12.64
33.85,17.91,4.97,0.45,0.32,1.14,-1.261,-1.685,0.0,88.39,93.37,15.12,,,12.34
33.9,17.68,4.91,0.29,0.25,0.89,-1.26,-1.406,0.0,88.64,93.38,14.87,,,12.05
33.95,17.46,4.85,0.16,0.19,0.69,-1.233,-1.115,0.0,88.88,93.38,14.63,,,11.75
34.0,17.24,4.79,0.06,0.15,0.54,-1.192,-0.798,0.0,89.12,93.38,14.39,,,11.47
34.050000000000004,17.05,4.74,0.07,0.14,0.49,-1.087,-0.276,0.0,89.36,93.38,14.16,,,11.21
34.1,16.85,4.68,0.11,0.12,0.43,-1.094,-0.383,0.0,89.6,93.39,13.92,,,10.96
34.15,16.62,4.62,0.13,0.1,0.35,-1.275,-0.417,0.0,89.83,93.39,13.69,,,10.66
34.2,16.36,4.54,0.14,0.08,0.28,-1.435,-0.401,0.0,90.06,93.39,13.46,,,10.34
34.25,16.08,4.47,0.13,0.06,0.22,-1.572,-0.35,0.0,90.28,93.39,13.24,,,9.98
34.300000000000004,15.8,4.39,0.11,0.05,0.16,-1.534,-0.28,0.0,90.5,93.39,13.01,,,9.64
34.35,15.54,4.32,0.08,0.04,0.13,-1.463,-0.204,0.0,90.72,93.39,12.8,,,9.32
34.4,15.23,4.23,0.06,0.03,0.1,-1.737,-0.131,0.0,90.93,93.39,12.58,,,8.95
34.45,14.87,4.13,0.03,0.03,0.09,-1.996,-0.069,0.0,91.14,93.39,12.37,,,8.54
34.5,14.47,4.02,0.01,0.02,0.09,-2.221,-0.028,0.0,91.35,93.4,12.17,,,8.08
34.550000000000004,14.02,3.89,0.01,0.02,0.08,-2.5,-0.036,0.0,91.54,93.4,11.97,,,7.59
34.6,13.55,3.76,0.01,0.02,0.07,-2.58,-0.054,0.0,91.73,93.4,11.78,,,7.09
34.65,13.1,3.64,0.02,0.02,0.06,-2.504,-0.064,0.0,91.92,93.4,11.6,,,6.63
34.7,12.69,3.52,0.02,0.01,0.05,-2.299,-0.065,0.0,92.1,93.4,11.42,,,6.22
34.75,12.32,3.42,0.0,0.01,0.03,-2.03,-0.071,0.0,92.27,93.4,11.25,,,5.87
34.800000000000004,12.01,3.34,0.0,0.01,0.02,-1.741,-0.059,0.0,92.44,93.4,11.08,,,5.57
34.85,11.76,3.27,0.0,0.0,0.02,-1.396,-0.045,0.0,92.6,93.4,10.91,,,5.34
34.9,11.53,3.2,0.0,0.0,0.01,-1.286,-0.031,0.0,92.76,93.4,10.75,,,5.13
34.95,11.25,3.12,0.0,0.0,0.01,-1.56,-0.018,0.0,92.92,93.4,10.6,,,4.89
35.0,10.91,3.03,0.0,0.0,0.01,-1.857,-0.007,0.0,93.08,93.4,10.44,,,4.6
35.050000000000004,10.53,2.92,0.0,0.0,0.01,-2.147,-0.003,0.0,93.22,93.4,10.29,,,4.28
35.1,10.16,2.82,0.0,0.0,0.0,-2.021,-0.008,0.0,93.37,93.4,10.15,,,3.99
35.15,9.7,2.69,0.0,0.0,0.0,-2.591,-0.011,0.0,93.5,93.4,10.01,,,3.63
35.2,9.24,2.57,0.0,0.0,0.0,-2.533,-0.012,0.0,93.64,93.4,9.88,11.4,END,3.3
35.25,8.8,2.44,0.0,0.0,0.0,-2.441,0.0,0.0,93.76,93.4,9.76,,,2.99
35.300000000000004,8.39,2.33,0.0,0.0,0.0,-2.305,0.0,0.0,93.88,93.4,9.64,,,2.72
35.35,8.03,2.23,0.0,0.0,0.0,-1.99,0.0,0.0,93.99,93.4,9.53,,,2.49
35.4,7.78,2.16,0.0,0.0,0.0,-1.381,0.0,0.0,94.1,93.4,9.42,,,2.34
35.45,7.51,2.09,0.0,0.0,0.0,-1.514,0.0,0.0,94.21,93.4,9.31,,,2.18
35.5,7.0,1.95,0.0,0.0,0.0,-2.794,0.0,0.0,94.31,93.4,9.21,,,1.9
35.550000000000004,6.4,1.78,0.0,0.0,0.0,-3.361,0.0,0.0,94.4,93.4,9.12,,,1.58
35.6,5.76,1.6,0.0,0.0,0.0,-3.545,0.0,0.0,94.48,93.4,9.03,,,1.28
35.65,5.14,1.43,0.0,0.0,0.0,-3.448,0.0,0.0,94.56,93.4,8.96,,,1.02
35.7,4.54,1.26,0.0,0.0,0.0,-3.343,0.0,0.0,94.62,93.4,8.89,,,0.8
35.75,3.94,1.09,0.0,0.0,0.0,-3.346,0.0,0.0,94.68,93.4,8.84,,,0.6
35.800000000000004,2.67,0.74,0.0,0.0,0.0,-7.036,0.0,0.0,94.73,93.4,8.79,,,0.28
35.85,0.03,0.01,0.0,0.0,0.0,-14.676,0.0,0.0,94.74,93.4,8.78,,,0.0
35.9,0.0,0.0,0.0,0.0,0.0,-0.133,0.0,0.0,94.74,93.4,8.78,,,0.0
35.95,0.0,0.0,0.0,0.0,0.0,-0.012,0.0,0.0,94.74,93.4,8.78,,,0.0
36.0,0.0,0.0,0.0,0.0,0.0,0.013,0.0,0.0,94.74,93.4,8.78,,,0.0
36.050000000000004,0.0,0.0,0.0,0.0,0.0,0.007,0.0,0.0,94.74,93.4,8.78,,,0.0
36.1,0.0,0.0,0.0,0.0,0.0,0.002,0.0,0.0,94.74,93.4,8.77,,,0.0
36.15,0.0,0.0,0.0,0.0,0.0,-0.0,0.0,0.0,94.74,93.4,8.77,,,0.0
36.2,0.0,0.0,0.0,0.0,0.0,-0.002,0.0,0.0,94.75,93.4,8.77,,,0.0
36.25,0.0,0.0,0.0,0.0,0.0,-0.003,0.0,0.0,94.75,93.4,8.77,,,0.0
36.300000000000004,0.0,0.0,0.0,0.0,0.0,-0.003,0.0,0.0,94.75,93.4,8.77,,,0.0
36.35,0.0,0.0,0.0,0.0,0.0,-0.003,0.0,0.0,94.75,93.4,8.77,,,0.0
36.4,0.0,0.0,0.0,0.0,0.0,-0.003,0.0,0.0,94.75,93.4,8.77,,,0.0
36.45,0.0,0.0,0.0,0.0,0.0,-0.003,0.0,0.0,94.75,93.4,8.77,,,0.0
36.5,0.0,0.0,0.0,0.0,0.0,-0.002,0.0,0.0,94.75,93.4,8.77,,,0.0
36.550000000000004,0.0,0.0,0.0,0.0,0.0,-0.002,0.0,0.0,94.75,93.4,8.77,,,0.0
36.6,0.0,0.0,0.0,0.0,0.0,-0.002,0.0,0.0,94.75,93.4,8.77,,,0.0
36.65,0.0,0.0,0.0,0.0,0.0,-0.004,0.0,0.0,94.75,93.4,8.77,,,0.0
36.7,0.0,0.0,0.0,0.0,0.0,0.0,0.0,0.0,94.75,93.4,8.77,,,0.0
36.75,0.0,0.0,0.0,0.0,0.0,0.0,0.0,0.0,94.75,93.4,8.77,,,0.0
36.800000000000004,0.0,0.0,0.0,0.0,0.0,0.0,0.0,0.0,94.75,93.4,8.77,,,0.0
36.85,0.0,0.0,0.0,0.0,0.0,-0.0,0.0,0.0,94.75,93.4,8.77,,,0.0
36.9,0.0,0.0,0.0,0.0,0.0,-0.0,0.0,0.0,94.75,93.4,8.77,,,0.0
36.95,0.0,0.0,0.0,0.0,0.0,-0.0,0.0,0.0,94.75,93.4,8.77,,,0.0
37.0,0.0,0.0,0.0,0.0,0.0,-0.0,0.0,0.0,94.75,93.4,8.77,,,0.0
37.050000000000004,0.0,0.0,0.0,0.0,0.0,-0.001,0.0,0.0,94.75,93.4,8.77,,,0.0
37.1,0.0,0.0,0.0,0.0,0.0,0.0,0.0,0.0,94.75,93.4,8.77,,,0.0
37.15,0.0,0.0,0.0,0.0,0.0,0.0,0.0,0.0,94.75,93.4,8.77,,,0.0
37.2,0.0,0.0,0.0,0.0,0.0,0.0,0.0,0.0,94.75,93.4,8.77,,,0.0
37.25,0.0,0.0,0.0,0.0,0.0,-0.0,0.0,0.0,94.75,93.4,8.77,,,0.0
37.300000000000004,0.0,0.0,0.0,0.0,0.0,-0.0,0.0,0.0,94.75,93.4,8.77,,,0.0
37.35,0.0,0.0,0.0,0.0,0.0,-0.0,0.0,0.0,94.75,93.4,8.77,,,0.0
37.4,0.0,0.0,0.0,0.0,0.0,-0.0,0.0,0.0,94.75,93.4,8.77,,,0.0
37.45,0.0,0.0,0.0,0.0,0.0,-0.0,0.0,0.0,94.75,93.4,8.77,,,0.0
37.5,0.0,0.0,0.0,0.0,0.0,-0.0,0.0,0.0,94.75,93.4,8.77,,,0.0
37.550000000000004,0.0,0.0,0.0,0.0,0.0,0.0,0.0,0.0,94.75,93.4,8.77,,,0.0
37.6,0.0,0.0,0.0,0.0,0.0,0.0,0.0,0.0,94.75,93.4,8.77,,,0.0
37.65,0.0,0.0,0.0,0.0,0.0,0.0,0.0,0.0,94.75,93.4,8.77,,,0.0
37.7,0.0,0.0,0.0,0.0,0.0,0.0,0.0,0.0,94.75,93.4,8.77,,,0.0
37.75,0.0,0.0,0.0,0.0,0.0,-0.0,0.0,0.0,94.75,93.4,8.77,,,0.0
37.800000000000004,0.0,0.0,0.0,0.0,0.0,-0.0,0.0,0.0,94.75,93.4,8.77,,,0.0
37.85,0.0,0.0,0.0,0.0,0.0,-0.0,0.0,0.0,94.75,93.4,8.77,,,0.0
37.9,0.0,0.0,0.0,0.0,0.0,-0.0,0.0,0.0,94.75,93.4,8.77,,,0.0
37.95,0.0,0.0,0.0,0.0,0.0,0.0,0.0,0.0,94.75,93.4,8.77,,,0.0
38.0,0.0,0.0,0.0,0.0,0.0,0.0,0.0,0.0,94.75,93.4,8.77,,,0.0
38.050000000000004,0.0,0.0,0.0,0.0,0.0,-0.0,0.0,0.0,94.75,93.4,8.77,,,0.0
38.1,0.0,0.0,0.0,0.0,0.0,0.0,0.0,0.0,94.75,93.4,8.77,,,0.0
38.15,0.0,0.0,0.0,0.0,0.0,0.0,0.0,0.0,94.75,93.4,8.77,,,0.0
38.2,0.0,0.0,0.0,0.0,0.0,-0.0,0.0,0.0,94.75,93.4,8.77,,,0.0
38.25,0.0,0.0,0.0,0.0,0.0,0.0,0.0,0.0,94.75,93.4,8.77,,,0.0
38.300000000000004,0.0,0.0,0.0,0.0,0.0,-0.0,0.0,0.0,94.75,93.4,8.77,,,0.0
38.35,0.0,0.0,0.0,0.0,0.0,-0.0,0.0,0.0,94.75,93.4,8.77,,,0.0
38.400000000000006,0.0,0.0,0.0,0.0,0.0,0.0,0.0,0.0,94.75,93.4,8.77,,,0.0
38.45,0.0,0.0,0.0,0.0,0.0,-0.0,0.0,0.0,94.75,93.4,8.77,,,0.0
38.5,0.0,0.0,0.0,0.0,0.0,-0.0,0.0,0.0,94.75,93.4,8.77,,,0.0
38.550000000000004,0.0,0.0,0.0,0.0,0.0,0.0,0.0,0.0,94.75,93.4,8.77,,,0.0
38.6,0.0,0.0,0.0,0.0,0.0,0.0,0.0,0.0,94.75,93.4,8.77,,,0.0
38.650000000000006,0.0,0.0,0.0,0.0,0.0,-0.0,0.0,0.0,94.75,93.4,8.77,,,0.0
38.7,0.0,0.0,0.0,0.0,0.0,-0.0,0.0,0.0,94.75,93.4,8.77,,,0.0
38.75,0.0,0.0,0.0,0.0,0.0,-0.0,0.0,0.0,94.75,93.4,8.77,,,0.0
38.800000000000004,0.0,0.0,0.0,0.0,0.0,0.0,0.0,0.0,94.75,93.4,8.77,,,0.0
38.85,0.0,0.0,0.0,0.0,0.0,-0.0,0.0,0.0,94.75,93.4,8.77,,,0.0
38.900000000000006,0.0,0.0,0.0,0.0,0.0,0.0,0.0,0.0,94.75,93.4,8.77,,,0.0
38.95,0.0,0.0,0.0,0.0,0.0,-0.0,0.0,0.0,94.75,93.4,8.77,,,0.0
39.0,0.0,0.0,0.0,0.0,0.0,0.0,0.0,0.0,94.75,93.4,8.77,,,0.0
39.050000000000004,0.0,0.0,0.0,0.0,0.0,0.0,0.0,0.0,94.75,93.4,8.77,,,0.0
39.1,0.0,0.0,0.0,0.0,0.0,-0.0,0.0,0.0,94.75,93.4,8.77,,,0.0
39.150000000000006,0.0,0.0,0.0,0.0,0.0,-0.0,0.0,0.0,94.75,93.4,8.77,,,0.0
39.2,0.0,0.0,0.0,0.0,0.0,0.0,0.0,0.0,94.75,93.4,8.77,,,0.0
39.25,0.0,0.0,0.0,0.0,0.0,0.0,0.0,0.0,94.75,93.4,8.77,,,0.0
39.300000000000004,0.0,0.0,0.0,0.0,0.0,0.0,0.0,0.0,94.75,93.4,8.77,,,0.0
39.35,0.0,0.0,0.0,0.0,0.0,0.0,0.0,0.0,94.75,93.4,8.77,,,0.0
39.400000000000006,0.0,0.0,0.0,0.0,0.0,0.0,0.0,0.0,94.75,93.4,8.77,,,0.0
39.45,0.0,0.0,0.0,0.0,0.0,0.0,0.0,0.0,94.75,93.4,8.77,,,0.0
39.5,0.0,0.0,0.0,0.0,0.0,-0.0,0.0,0.0,94.75,93.4,8.77,,,0.0
39.550000000000004,0.0,0.0,0.0,0.0,0.0,0.0,0.0,0.0,94.75,93.4,8.77,,,0.0
39.6,0.0,0.0,0.0,0.0,0.0,-0.0,0.0,0.0,94.75,93.4,8.77,,,0.0
39.650000000000006,0.0,0.0,0.0,0.0,0.0,0.0,0.0,0.0,94.75,93.4,8.77,,,0.0
39.7,0.0,0.0,0.0,0.0,0.0,0.0,0.0,0.0,94.75,93.4,8.77,,,0.0
39.75,0.0,0.0,0.0,0.0,0.0,0.0,0.0,0.0,94.75,93.4,8.77,,,0.0
39.800000000000004,0.0,0.0,0.0,0.0,0.0,0.0,0.0,0.0,94.75,93.4,8.77,,,0.0
39.85,0.0,0.0,0.0,0.0,0.0,0.0,0.0,0.0,94.75,93.4,8.77,,,0.0
39.900000000000006,0.0,0.0,0.0,0.0,0.0,0.0,0.0,0.0,94.75,93.4,8.77,,,0.0
39.95,0.0,0.0,0.0,0.0,0.0,0.0,0.0,0.0,94.75,93.4,8.77,,,0.0
40.0,0.0,0.0,0.0,0.0,0.0,-0.0,0.0,0.0,94.75,93.4,8.77,,,0.0
40.050000000000004,0.0,0.0,0.0,0.0,0.0,0.0,0.0,0.0,94.75,93.4,8.77,,,0.0
40.1,0.0,0.0,0.0,0.0,0.0,0.0,0.0,0.0,94.75,93.4,8.77,,,0.0
40.150000000000006,0.0,0.0,0.0,0.0,0.0,0.0,0.0,0.0,94.75,93.4,8.77,,,0.0
40.2,0.0,0.0,0.0,0.0,0.0,0.0,0.0,0.0,94.75,93.4,8.77,,,0.0
40.25,0.0,0.0,0.0,0.0,0.0,0.0,0.0,0.0,94.75,93.4,8.77,,,0.0
40.300000000000004,0.0,0.0,0.0,0.0,0.0,0.0,0.0,0.0,94.75,93.4,8.77,,,0.0
40.35,0.0,0.0,0.0,0.0,0.0,0.0,0.0,0.0,94.75,93.4,8.77,,,0.0
40.400000000000006,0.0,0.0,0.0,0.0,0.0,0.0,0.0,0.0,94.75,93.4,8.77,,,0.0
40.45,0.0,0.0,0.0,0.0,0.0,-0.0,0.0,0.0,94.75,93.4,8.77,,,0.0
40.5,0.0,0.0,0.0,0.0,0.0,0.0,0.0,0.0,94.75,93.4,8.77,,,0.0
40.550000000000004,0.0,0.0,0.0,0.0,0.0,0.0,0.0,0.0,94.75,93.4,8.77,,,0.0
40.6,0.0,0.0,0.0,0.0,0.0,0.0,0.0,0.0,94.75,93.4,8.77,,,0.0
40.650000000000006,0.0,0.0,0.0,0.0,0.0,0.0,0.0,0.0,94.75,93.4,8.77,,,0.0
40.7,0.0,0.0,0.0,0.0,0.0,0.0,0.0,0.0,94.75,93.4,8.77,,,0.0
40.75,0.0,0.0,0.0,0.0,0.0,0.0,0.0,0.0,94.75,93.4,8.77,,,0.0
40.800000000000004,0.0,0.0,0.0,0.0,0.0,0.0,0.0,0.0,94.75,93.4,8.77,,,0.0
40.85,0.0,0.0,0.0,0.0,0.0,-0.0,0.0,0.0,94.75,93.4,8.77,,,0.0
40.900000000000006,0.0,0.0,0.0,0.0,0.0,0.0,0.0,0.0,94.75,93.4,8.77,,,0.0
40.95,0.0,0.0,0.0,0.0,0.0,0.0,0.0,0.0,94.75,93.4,8.77,,,0.0
41.0,0.0,0.0,0.0,0.0,0.0,-0.0,0.0,0.0,94.75,93.4,8.77,,,0.0
41.050000000000004,0.0,0.0,0.0,0.0,0.0,0.0,0.0,0.0,94.75,93.4,8.77,,,0.0
41.1,0.0,0.0,0.0,0.0,0.0,0.0,0.0,0.0,94.75,93.4,8.77,,,0.0
41.150000000000006,0.0,0.0,0.0,0.0,0.0,0.0,0.0,0.0,94.75,93.4,8.77,,,0.0
41.2,0.0,0.0,0.0,0.0,0.0,0.0,0.0,0.0,94.75,93.4,8.77,,,0.0
41.25,0.0,0.0,0.0,0.0,0.0,-0.0,0.0,0.0,94.75,93.4,8.77,,,0.0
41.300000000000004,0.0,0.0,0.0,0.0,0.0,0.0,0.0,0.0,94.75,93.4,8.77,,,0.0
41.35,0.0,0.0,0.0,0.0,0.0,0.0,0.0,0.0,94.75,93.4,8.77,,,0.0
41.400000000000006,0.0,0.0,0.0,0.0,0.0,0.0,0.0,0.0,94.75,93.4,8.77,,,0.0
41.45,0.0,0.0,0.0,0.0,0.0,0.0,0.0,0.0,94.75,93.4,8.77,,,0.0
41.5,0.0,0.0,0.0,0.0,0.0,0.0,0.0,0.0,94.75,93.4,8.77,,,0.0
41.550000000000004,0.0,0.0,0.0,0.0,0.0,0.0,0.0,0.0,94.75,93.4,8.77,,,0.0
41.6,0.0,0.0,0.0,0.0,0.0,0.0,0.0,0.0,94.75,93.4,8.77,,,0.0
41.650000000000006,0.0,0.0,0.0,0.0,0.0,0.0,0.0,0.0,94.75,93.4,8.77,,,0.0
41.7,0.0,0.0,0.0,0.0,0.0,-0.0,0.0,0.0,94.75,93.4,8.77,,,0.0
41.75,0.0,0.0,0.0,0.0,0.0,0.0,0.0,0.0,94.75,93.4,8.77,,,0.0
41.800000000000004,0.0,0.0,0.0,0.0,0.0,-0.0,0.0,0.0,94.75,93.4,8.77,,,0.0
41.85,0.0,0.0,0.0,0.0,0.0,0.0,0.0,0.0,94.75,93.4,8.77,,,0.0
41.900000000000006,0.0,0.0,0.0,0.0,0.0,0.0,0.0,0.0,94.75,93.4,8.77,,,0.0
41.95,0.0,0.0,0.0,0.0,0.0,0.0,0.0,0.0,94.75,93.4,8.77,,,0.0
42.0,0.0,0.0,0.0,0.0,0.0,0.0,0.0,0.0,94.75,93.4,8.77,,,0.0
42.050000000000004,0.0,0.0,0.0,0.0,0.0,0.0,0.0,0.0,94.75,93.4,8.77,,,0.0
42.1,0.0,0.0,0.0,0.0,0.0,-0.0,0.0,0.0,94.75,93.4,8.77,,,0.0
42.150000000000006,0.0,0.0,0.0,0.0,0.0,0.0,0.0,0.0,94.75,93.4,8.77,,,0.0
42.2,0.0,0.0,0.0,0.0,0.0,0.0,0.0,0.0,94.75,93.4,8.77,,,0.0
42.25,0.0,0.0,0.0,0.0,0.0,0.0,0.0,0.0,94.75,93.4,8.77,,,0.0
42.300000000000004,0.0,0.0,0.0,0.0,0.0,0.0,0.0,0.0,94.75,93.4,8.77,,,0.0
42.35,0.0,0.0,0.0,0.0,0.0,0.0,0.0,0.0,94.75,93.4,8.77,,,0.0
42.400000000000006,0.0,0.0,0.0,0.0,0.0,0.0,0.0,0.0,94.75,93.4,8.77,,,0.0
42.45,0.0,0.0,0.0,0.0,0.0,0.0,0.0,0.0,94.75,93.4,8.77,,,0.0
42.5,0.0,0.0,0.0,0.0,0.0,0.0,0.0,0.0,94.75,93.4,8.77,,,0.0
42.550000000000004,0.0,0.0,0.0,0.0,0.0,-0.0,0.0,0.0,94.75,93.4,8.77,,,0.0
42.6,0.0,0.0,0.0,0.0,0.0,0.0,0.0,0.0,94.75,93.4,8.77,,,0.0
42.650000000000006,0.0,0.0,0.0,0.0,0.0,0.0,0.0,0.0,94.75,93.4,8.77,,,0.0
42.7,0.0,0.0,0.0,0.0,0.0,0.0,0.0,0.0,94.75,93.4,8.77,,,0.0
42.75,0.0,0.0,0.0,0.0,0.0,0.0,0.0,0.0,94.75,93.4,8.77,,,0.0
42.800000000000004,0.0,0.0,0.0,0.0,0.0,0.0,0.0,0.0,94.75,93.4,8.77,,,0.0
42.85,0.0,0.0,0.0,0.0,0.0,0.0,0.0,0.0,94.75,93.4,8.77,,,0.0
42.900000000000006,0.0,0.0,0.0,0.0,0.0,0.0,0.0,0.0,94.75,93.4,8.77,,,0.0
42.95,0.0,0.0,0.0,0.0,0.0,-0.0,0.0,0.0,94.75,93.4,8.77,,,0.0
43.0,0.0,0.0,0.0,0.0,0.0,0.0,0.0,0.0,94.75,93.4,8.77,,,0.0
43.050000000000004,0.0,0.0,0.0,0.0,0.0,0.0,0.0,0.0,94.75,93.4,8.77,,,0.0
43.1,0.0,0.0,0.0,0.0,0.0,0.0,0.0,0.0,94.75,93.4,8.77,,,0.0
43.150000000000006,0.0,0.0,0.0,0.0,0.0,0.0,0.0,0.0,94.75,93.4,8.77,,,0.0
43.2,0.0,0.0,0.0,0.0,0.0,0.0,0.0,0.0,94.75,93.4,8.77,,,0.0
43.25,0.0,0.0,0.0,0.0,0.0,0.0,0.0,0.0,94.75,93.4,8.77,,,0.0
43.300000000000004,0.0,0.0,0.0,0.0,0.0,0.0,0.0,0.0,94.75,93.4,8.77,,,0.0
43.35,0.0,0.0,0.0,0.0,0.0,-0.0,0.0,0.0,94.75,93.4,8.77,,,0.0
43.400000000000006,0.0,0.0,0.0,0.0,0.0,0.0,0.0,0.0,94.75,93.4,8.77,,,0.0
43.45,0.0,0.0,0.0,0.0,0.0,0.0,0.0,0.0,94.75,93.4,8.77,,,0.0
43.5,0.0,0.0,0.0,0.0,0.0,-0.0,0.0,0.0,94.75,93.4,8.77,,,0.0
43.550000000000004,0.0,0.0,0.0,0.0,0.0,0.0,0.0,0.0,94.75,93.4,8.77,,,0.0
43.6,0.0,0.0,0.0,0.0,0.0,0.0,0.0,0.0,94.75,93.4,8.77,,,0.0
43.650000000000006,0.0,0.0,0.0,0.0,0.0,0.0,0.0,0.0,94.75,93.4,8.77,,,0.0
43.7,0.0,0.0,0.0,0.0,0.0,0.0,0.0,0.0,94.75,93.4,8.77,,,0.0
43.75,0.0,0.0,0.0,0.0,0.0,0.0,0.0,0.0,94.75,93.4,8.77,,,0.0
43.800000000000004,0.0,0.0,0.0,0.0,0.0,-0.0,0.0,0.0,94.75,93.4,8.77,,,0.0
43.85,0.0,0.0,0.0,0.0,0.0,0.0,0.0,0.0,94.75,93.4,8.77,,,0.0
43.900000000000006,0.0,0.0,0.0,0.0,0.0,0.0,0.0,0.0,94.75,93.4,8.77,,,0.0
43.95,0.0,0.0,0.0,0.0,0.0,0.0,0.0,0.0,94.75,93.4,8.77,,,0.0
44.0,0.0,0.0,0.0,0.0,0.0,0.0,0.0,0.0,94.75,93.4,8.77,,,0.0
44.050000000000004,0.0,0.0,0.0,0.0,0.0,0.0,0.0,0.0,94.75,93.4,8.77,,,0.0
44.1,0.0,0.0,0.0,0.0,0.0,0.0,0.0,0.0,94.75,93.4,8.77,,,0.0
44.150000000000006,0.0,0.0,0.0,0.0,0.0,0.0,0.0,0.0,94.75,93.4,8.77,,,0.0
44.2,0.0,0.0,0.0,0.0,0.0,-0.0,0.0,0.0,94.75,93.4,8.77,,,0.0
44.25,0.0,0.0,0.0,0.0,0.0,0.0,0.0,0.0,94.75,93.4,8.77,,,0.0
44.300000000000004,0.0,0.0,0.0,0.0,0.0,0.0,0.0,0.0,94.75,93.4,8.77,,,0.0
44.35,0.0,0.0,0.0,0.0,0.0,0.0,0.0,0.0,94.75,93.4,8.77,,,0.0
44.400000000000006,0.0,0.0,0.0,0.0,0.0,0.0,0.0,0.0,94.75,93.4,8.77,,,0.0
44.45,0.0,0.0,0.0,0.0,0.0,0.0,0.0,0.0,94.75,93.4,8.77,,,0.0
44.5,0.0,0.0,0.0,0.0,0.0,0.0,0.0,0.0,94.75,93.4,8.77,,,0.0
44.550000000000004,0.0,0.0,0.0,0.0,0.0,0.0,0.0,0.0,94.75,93.4,8.77,,,0.0
44.6,0.0,0.0,0.0,0.0,0.0,0.0,0.0,0.0,94.75,93.4,8.77,,,0.0
44.650000000000006,0.0,0.0,0.0,0.0,0.0,-0.0,0.0,0.0,94.75,93.4,8.77,,,0.0
44.7,0.0,0.0,0.0,0.0,0.0,0.0,0.0,0.0,94.75,93.4,8.77,,,0.0
44.75,0.0,0.0,0.0,0.0,0.0,0.0,0.0,0.0,94.75,93.4,8.77,,,0.0
44.800000000000004,0.0,0.0,0.0,0.0,0.0,0.0,0.0,0.0,94.75,93.4,8.77,,,0.0
44.85,0.0,0.0,0.0,0.0,0.0,0.0,0.0,0.0,94.75,93.4,8.77,,,0.0
44.900000000000006,0.0,0.0,0.0,0.0,0.0,0.0,0.0,0.0,94.75,93.4,8.77,,,0.0
44.95,0.0,0.0,0.0,0.0,0.0,0.0,0.0,0.0,94.75,93.4,8.77,,,0.0
45.0,0.0,0.0,0.0,0.0,0.0,0.0,0.0,0.0,94.75,93.4,8.77,,,0.0
45.050000000000004,0.0,0.0,0.0,0.0,0.0,-0.0,0.0,0.0,94.75,93.4,8.77,,,0.0
45.1,0.0,0.0,0.0,0.0,0.0,0.0,0.0,0.0,94.75,93.4,8.77,,,0.0
45.150000000000006,0.0,0.0,0.0,0.0,0.0,0.0,0.0,0.0,94.75,93.4,8.77,,,0.0
45.2,0.0,0.0,0.0,0.0,0.0,0.0,0.0,0.0,94.75,93.4,8.77,,,0.0
45.25,0.0,0.0,0.0,0.0,0.0,0.0,0.0,0.0,94.75,93.4,8.77,,,0.0
45.300000000000004,0.0,0.0,0.0,0.0,0.0,0.0,0.0,0.0,94.75,93.4,8.77,,,0.0
45.35,0.0,0.0,0.0,0.0,0.0,0.0,0.0,0.0,94.75,93.4,8.77,,,0.0
45.400000000000006,0.0,0.0,0.0,0.0,0.0,0.0,0.0,0.0,94.75,93.4,8.77,,,0.0
45.45,0.0,0.0,0.0,0.0,0.0,-0.0,0.0,0.0,94.75,93.4,8.77,,,0.0
45.5,0.0,0.0,0.0,0.0,0.0,0.0,0.0,0.0,94.75,93.4,8.77,,,0.0
45.550000000000004,0.0,0.0,0.0,0.0,0.0,0.0,0.0,0.0,94.75,93.4,8.77,,,0.0
45.6,0.0,0.0,0.0,0.0,0.0,0.0,0.0,0.0,94.75,93.4,8.77,,,0.0
45.650000000000006,0.0,0.0,0.0,0.0,0.0,0.0,0.0,0.0,94.75,93.4,8.77,,,0.0
45.7,0.0,0.0,0.0,0.0,0.0,0.0,0.0,0.0,94.75,93.4,8.77,,,0.0
45.75,0.0,0.0,0.0,0.0,0.0,0.0,0.0,0.0,94.75,93.4,8.77,,,0.0
45.800000000000004,0.0,0.0,0.0,0.0,0.0,0.0,0.0,0.0,94.75,93.4,8.77,,,0.0
45.85,0.0,0.0,0.0,0.0,0.0,0.0,0.0,0.0,94.75,93.4,8.77,,,0.0
45.900000000000006,0.0,0.0,0.0,0.0,0.0,-0.0,0.0,0.0,94.75,93.4,8.77,,,0.0
45.95,0.0,0.0,0.0,0.0,0.0,0.0,0.0,0.0,94.75,93.4,8.77,,,0.0
46.0,0.0,0.0,0.0,0.0,0.0,0.0,0.0,0.0,94.75,93.4,8.77,,,0.0
46.050000000000004,0.0,0.0,0.0,0.0,0.0,0.0,0.0,0.0,94.75,93.4,8.77,,,0.0
46.1,0.0,0.0,0.0,0.0,0.0,0.0,0.0,0.0,94.75,93.4,8.77,,,0.0
46.150000000000006,0.0,0.0,0.0,0.0,0.0,0.0,0.0,0.0,94.75,93.4,8.77,,,0.0
46.2,0.0,0.0,0.0,0.0,0.0,-0.0,0.0,0.0,94.75,93.4,8.77,,,0.0
46.25,0.0,0.0,0.0,0.0,0.0,0.0,0.0,0.0,94.75,93.4,8.77,,,0.0
46.300000000000004,0.0,0.0,0.0,0.0,0.0,-0.0,0.0,0.0,94.75,93.4,8.77,,,0.0
46.35,0.0,0.0,0.0,0.0,0.0,0.0,0.0,0.0,94.75,93.4,8.77,,,0.0
46.400000000000006,0.0,0.0,0.0,0.0,0.0,0.0,0.0,0.0,94.75,93.4,8.77,,,0.0
46.45,0.0,0.0,0.0,0.0,0.0,0.0,0.0,0.0,94.75,93.4,8.77,,,0.0
46.5,0.0,0.0,0.0,0.0,0.0,0.0,0.0,0.0,94.75,93.4,8.77,,,0.0
46.550000000000004,0.0,0.0,0.0,0.0,0.0,0.0,0.0,0.0,94.75,93.4,8.77,,,0.0
46.6,0.0,0.0,0.0,0.0,0.0,0.0,0.0,0.0,94.75,93.4,8.77,,,0.0
46.650000000000006,0.0,0.0,0.0,0.0,0.0,0.0,0.0,0.0,94.75,93.4,8.77,,,0.0
46.7,0.0,0.0,0.0,0.0,0.0,0.0,0.0,0.0,94.75,93.4,8.77,,,0.0
46.75,0.0,0.0,0.0,0.0,0.0,-0.0,0.0,0.0,94.75,93.4,8.77,,,0.0
46.800000000000004,0.0,0.0,0.0,0.0,0.0,0.0,0.0,0.0,94.75,93.4,8.77,,,0.0
46.85,0.0,0.0,0.0,0.0,0.0,0.0,0.0,0.0,94.75,93.4,8.77,,,0.0
46.900000000000006,0.0,0.0,0.0,0.0,0.0,0.0,0.0,0.0,94.75,93.4,8.77,,,0.0
46.95,0.0,0.0,0.0,0.0,0.0,0.0,0.0,0.0,94.75,93.4,8.77,,,0.0
47.0,0.0,0.0,0.0,0.0,0.0,0.0,0.0,0.0,94.75,93.4,8.77,,,0.0
47.050000000000004,0.0,0.0,0.0,0.0,0.0,0.0,0.0,0.0,94.75,93.4,8.77,,,0.0
47.1,0.0,0.0,0.0,0.0,0.0,0.0,0.0,0.0,94.75,93.4,8.77,,,0.0
47.150000000000006,0.0,0.0,0.0,0.0,0.0,-0.0,0.0,0.0,94.75,93.4,8.77,,,0.0
47.2,0.0,0.0,0.0,0.0,0.0,0.0,0.0,0.0,94.75,93.4,8.77,,,0.0
47.25,0.0,0.0,0.0,0.0,0.0,0.0,0.0,0.0,94.75,93.4,8.77,,,0.0
47.300000000000004,0.0,0.0,0.0,0.0,0.0,0.0,0.0,0.0,94.75,93.4,8.77,,,0.0
47.35,0.0,0.0,0.0,0.0,0.0,0.0,0.0,0.0,94.75,93.4,8.77,,,0.0
47.400000000000006,0.0,0.0,0.0,0.0,0.0,0.0,0.0,0.0,94.75,93.4,8.77,,,0.0
47.45,0.0,0.0,0.0,0.0,0.0,0.0,0.0,0.0,94.75,93.4,8.77,,,0.0
47.5,0.0,0.0,0.0,0.0,0.0,0.0,0.0,0.0,94.75,93.4,8.77,,,0.0
47.550000000000004,0.0,0.0,0.0,0.0,0.0,-0.0,0.0,0.0,94.75,93.4,8.77,,,0.0
47.6,0.0,0.0,0.0,0.0,0.0,0.0,0.0,0.0,94.75,93.4,8.77,,,0.0
47.650000000000006,0.0,0.0,0.0,0.0,0.0,0.0,0.0,0.0,94.75,93.4,8.77,,,0.0
47.7,0.0,0.0,0.0,0.0,0.0,0.0,0.0,0.0,94.75,93.4,8.77,,,0.0
47.75,0.0,0.0,0.0,0.0,0.0,0.0,0.0,0.0,94.75,93.4,8.77,,,0.0
47.800000000000004,0.0,0.0,0.0,0.0,0.0,0.0,0.0,0.0,94.75,93.4,8.77,,,0.0
47.85,0.0,0.0,0.0,0.0,0.0,0.0,0.0,0.0,94.75,93.4,8.77,,,0.0
47.900000000000006,0.0,0.0,0.0,0.0,0.0,0.0,0.0,0.0,94.75,93.4,8.77,,,0.0
47.95,0.0,0.0,0.0,0.0,0.0,0.0,0.0,0.0,94.75,93.4,8.77,,,0.0
48.0,0.0,0.0,0.0,0.0,0.0,-0.0,0.0,0.0,94.75,93.4,8.77,,,0.0
48.050000000000004,0.0,0.0,0.0,0.0,0.0,0.0,0.0,0.0,94.75,93.4,8.77,,,0.0
48.1,0.0,0.0,0.0,0.0,0.0,0.0,0.0,0.0,94.75,93.4,8.77,,,0.0
48.150000000000006,0.0,0.0,0.0,0.0,0.0,0.0,0.0,0.0,94.75,93.4,8.77,,,0.0
48.2,0.0,0.0,0.0,0.0,0.0,0.0,0.0,0.0,94.75,93.4,8.77,,,0.0
48.25,0.0,0.0,0.0,0.0,0.0,0.0,0.0,0.0,94.75,93.4,8.77,,,0.0
48.300000000000004,0.0,0.0,0.0,0.0,0.0,0.0,0.0,0.0,94.75,93.4,8.77,,,0.0
48.35,0.0,0.0,0.0,0.0,0.0,0.0,0.0,0.0,94.75,93.4,8.77,,,0.0
48.400000000000006,0.0,0.0,0.0,0.0,0.0,-0.0,0.0,0.0,94.75,93.4,8.77,,,0.0
48.45,0.0,0.0,0.0,0.0,0.0,0.0,0.0,0.0,94.75,93.4,8.77,,,0.0
48.5,0.0,0.0,0.0,0.0,0.0,0.0,0.0,0.0,94.75,93.4,8.77,,,0.0
48.550000000000004,0.0,0.0,0.0,0.0,0.0,-0.0,0.0,0.0,94.75,93.4,8.77,,,0.0
48.6,0.0,0.0,0.0,0.0,0.0,0.0,0.0,0.0,94.75,93.4,8.77,,,0.0
48.650000000000006,0.0,0.0,0.0,0.0,0.0,0.0,0.0,0.0,94.75,93.4,8.77,,,0.0
48.7,0.0,0.0,0.0,0.0,0.0,0.0,0.0,0.0,94.75,93.4,8.77,,,0.0
48.75,0.0,0.0,0.0,0.0,0.0,0.0,0.0,0.0,94.75,93.4,8.77,,,0.0
48.800000000000004,0.0,0.0,0.0,0.0,0.0,0.0,0.0,0.0,94.75,93.4,8.77,,,0.0
48.85,0.0,0.0,0.0,0.0,0.0,-0.0,0.0,0.0,94.75,93.4,8.77,,,0.0
48.900000000000006,0.0,0.0,0.0,0.0,0.0,0.0,0.0,0.0,94.75,93.4,8.77,,,0.0
48.95,0.0,0.0,0.0,0.0,0.0,0.0,0.0,0.0,94.75,93.4,8.77,,,0.0
49.0,0.0,0.0,0.0,0.0,0.0,0.0,0.0,0.0,94.75,93.4,8.77,,,0.0
49.050000000000004,0.0,0.0,0.0,0.0,0.0,0.0,0.0,0.0,94.75,93.4,8.77,,,0.0
49.1,0.0,0.0,0.0,0.0,0.0,0.0,0.0,0.0,94.75,93.4,8.77,,,0.0
49.150000000000006,0.0,0.0,0.0,0.0,0.0,0.0,0.0,0.0,94.75,93.4,8.77,,,0.0
49.2,0.0,0.0,0.0,0.0,0.0,0.0,0.0,0.0,94.75,93.4,8.77,,,0.0
49.25,0.0,0.0,0.0,0.0,0.0,-0.0,0.0,0.0,94.75,93.4,8.77,,,0.0
49.300000000000004,0.0,0.0,0.0,0.0,0.0,0.0,0.0,0.0,94.75,93.4,8.77,,,0.0
49.35,0.0,0.0,0.0,0.0,0.0,0.0,0.0,0.0,94.75,93.4,8.77,,,0.0
49.400000000000006,0.0,0.0,0.0,0.0,0.0,0.0,0.0,0.0,94.75,93.4,8.77,,,0.0
49.45,0.0,0.0,0.0,0.0,0.0,0.0,0.0,0.0,94.75,93.4,8.77,,,0.0
49.5,0.0,0.0,0.0,0.0,0.0,0.0,0.0,0.0,94.75,93.4,8.77,,,0.0
49.550000000000004,0.0,0.0,0.0,0.0,0.0,-0.0,0.0,0.0,94.75,93.4,8.77,,,0.0
49.6,0.0,0.0,0.0,0.0,0.0,0.0,0.0,0.0,94.75,93.4,8.77,,,0.0
49.650000000000006,0.0,0.0,0.0,0.0,0.0,-0.0,0.0,0.0,94.75,93.4,8.77,,,0.0
49.7,0.0,0.0,0.0,0.0,0.0,0.0,0.0,0.0,94.75,93.4,8.77,,,0.0
49.75,0.0,0.0,0.0,0.0,0.0,0.0,0.0,0.0,94.75,93.4,8.77,,,0.0
49.800000000000004,0.0,0.0,0.0,0.0,0.0,0.0,0.0,0.0,94.75,93.4,8.77,,,0.0
49.85,0.0,0.0,0.0,0.0,0.0,0.0,0.0,0.0,94.75,93.4,8.77,,,0.0
49.900000000000006,0.0,0.0,0.0,0.0,0.0,0.0,0.0,0.0,94.75,93.4,8.77,,,0.0
49.95,0.0,0.0,0.0,0.0,0.0,0.0,0.0,0.0,94.75,93.4,8.77,,,0.0
50.0,0.0,0.0,0.0,0.0,0.0,0.0,0.0,0.0,94.75,93.4,8.77,,,0.0
50.050000000000004,0.0,0.0,0.0,0.0,0.0,0.0,0.0,0.0,94.75,93.4,8.77,,,0.0
50.1,0.0,0.0,0.0,0.0,0.0,-0.0,0.0,0.0,94.75,93.4,8.77,,,0.0
50.150000000000006,0.0,0.0,0.0,0.0,0.0,0.0,0.0,0.0,94.75,93.4,8.77,,,0.0
50.2,0.0,0.0,0.0,0.0,0.0,0.0,0.0,0.0,94.75,93.4,8.77,,,0.0
50.25,0.0,0.0,0.0,0.0,0.0,0.0,0.0,0.0,94.75,93.4,8.77,,,0.0
50.300000000000004,0.0,0.0,0.0,0.0,0.0,0.0,0.0,0.0,94.75,93.4,8.77,,,0.0
50.35,0.0,0.0,0.0,0.0,0.0,0.0,0.0,0.0,94.75,93.4,8.77,,,0.0
50.400000000000006,0.0,0.0,0.0,0.0,0.0,0.0,0.0,0.0,94.75,93.4,8.77,,,0.0
50.45,0.0,0.0,0.0,0.0,0.0,0.0,0.0,0.0,94.75,93.4,8.77,,,0.0
50.5,0.0,0.0,0.0,0.0,0.0,-0.0,0.0,0.0,94.75,93.4,8.77,,,0.0
50.550000000000004,0.0,0.0,0.0,0.0,0.0,0.0,0.0,0.0,94.75,93.4,8.77,,,0.0
50.6,0.0,0.0,0.0,0.0,0.0,0.0,0.0,0.0,94.75,93.4,8.77,,,0.0
50.650000000000006,0.0,0.0,0.0,0.0,0.0,0.0,0.0,0.0,94.75,93.4,8.77,,,0.0
50.7,0.0,0.0,0.0,0.0,0.0,0.0,0.0,0.0,94.75,93.4,8.77,,,0.0
50.75,0.0,0.0,0.0,0.0,0.0,0.0,0.0,0.0,94.75,93.4,8.77,,,0.0
50.800000000000004,0.0,0.0,0.0,0.0,0.0,0.0,0.0,0.0,94.75,93.4,8.77,,,0.0
50.85,0.0,0.0,0.0,0.0,0.0,0.0,0.0,0.0,94.75,93.4,8.77,,,0.0
50.900000000000006,0.0,0.0,0.0,0.0,0.0,0.0,0.0,0.0,94.75,93.4,8.77,,,0.0
50.95,0.0,0.0,0.0,0.0,0.0,-0.0,0.0,0.0,94.75,93.4,8.77,,,0.0
51.0,0.0,0.0,0.0,0.0,0.0,0.0,0.0,0.0,94.75,93.4,8.77,,,0.0
51.050000000000004,0.0,0.0,0.0,0.0,0.0,0.0,0.0,0.0,94.75,93.4,8.77,,,0.0
51.1,0.0,0.0,0.0,0.0,0.0,0.0,0.0,0.0,94.75,93.4,8.77,,,0.0
51.150000000000006,0.0,0.0,0.0,0.0,0.0,0.0,0.0,0.0,94.75,93.4,8.77,,,0.0
51.2,0.0,0.0,0.0,0.0,0.0,0.0,0.0,0.0,94.75,93.4,8.77,,,0.0
51.25,0.0,0.0,0.0,0.0,0.0,-0.0,0.0,0.0,94.75,93.4,8.77,,,0.0
51.300000000000004,0.0,0.0,0.0,0.0,0.0,0.0,0.0,0.0,94.75,93.4,8.77,,,0.0
51.35,0.0,0.0,0.0,0.0,0.0,-0.0,0.0,0.0,94.75,93.4,8.77,,,0.0
51.400000000000006,0.0,0.0,0.0,0.0,0.0,0.0,0.0,0.0,94.75,93.4,8.77,,,0.0
51.45,0.0,0.0,0.0,0.0,0.0,0.0,0.0,0.0,94.75,93.4,8.77,,,0.0
51.5,0.0,0.0,0.0,0.0,0.0,0.0,0.0,0.0,94.75,93.4,8.77,,,0.0
51.550000000000004,0.0,0.0,0.0,0.0,0.0,0.0,0.0,0.0,94.75,93.4,8.77,,,0.0
51.6,0.0,0.0,0.0,0.0,0.0,0.0,0.0,0.0,94.75,93.4,8.77,,,0.0
51.650000000000006,0.0,0.0,0.0,0.0,0.0,0.0,0.0,0.0,94.75,93.4,8.77,,,0.0
51.7,0.0,0.0,0.0,0.0,0.0,0.0,0.0,0.0,94.75,93.4,8.77,,,0.0
51.75,0.0,0.0,0.0,0.0,0.0,-0.0,0.0,0.0,94.75,93.4,8.77,,,0.0
51.800000000000004,0.0,0.0,0.0,0.0,0.0,0.0,0.0,0.0,94.75,93.4,8.77,,,0.0
51.85,0.0,0.0,0.0,0.0,0.0,0.0,0.0,0.0,94.75,93.4,8.77,,,0.0
51.900000000000006,0.0,0.0,0.0,0.0,0.0,0.0,0.0,0.0,94.75,93.4,8.77,,,0.0
51.95,0.0,0.0,0.0,0.0,0.0,0.0,0.0,0.0,94.75,93.4,8.77,,,0.0
52.0,0.0,0.0,0.0,0.0,0.0,0.0,0.0,0.0,94.75,93.4,8.77,,,0.0
52.050000000000004,0.0,0.0,0.0,0.0,0.0,0.0,0.0,0.0,94.75,93.4,8.77,,,0.0
52.1,0.0,0.0,0.0,0.0,0.0,-0.0,0.0,0.0,94.75,93.4,8.77,,,0.0
52.150000000000006,0.0,0.0,0.0,0.0,0.0,0.0,0.0,0.0,94.75,93.4,8.77,,,0.0
52.2,0.0,0.0,0.0,0.0,0.0,-0.0,0.0,0.0,94.75,93.4,8.77,,,0.0
52.25,0.0,0.0,0.0,0.0,0.0,0.0,0.0,0.0,94.75,93.4,8.77,,,0.0
52.300000000000004,0.0,0.0,0.0,0.0,0.0,0.0,0.0,0.0,94.75,93.4,8.77,,,0.0
52.35,0.0,0.0,0.0,0.0,0.0,0.0,0.0,0.0,94.75,93.4,8.77,,,0.0
52.400000000000006,0.0,0.0,0.0,0.0,0.0,0.0,0.0,0.0,94.75,93.4,8.77,,,0.0
52.45,0.0,0.0,0.0,0.0,0.0,0.0,0.0,0.0,94.75,93.4,8.77,,,0.0
52.5,0.0,0.0,0.0,0.0,0.0,0.0,0.0,0.0,94.75,93.4,8.77,,,0.0
52.550000000000004,0.0,0.0,0.0,0.0,0.0,0.0,0.0,0.0,94.75,93.4,8.77,,,0.0
52.6,0.0,0.0,0.0,0.0,0.0,-0.0,0.0,0.0,94.75,93.4,8.77,,,0.0
52.650000000000006,0.0,0.0,0.0,0.0,0.0,0.0,0.0,0.0,94.75,93.4,8.77,,,0.0
52.7,0.0,0.0,0.0,0.0,0.0,0.0,0.0,0.0,94.75,93.4,8.77,,,0.0
52.75,0.0,0.0,0.0,0.0,0.0,-0.0,0.0,0.0,94.75,93.4,8.77,,,0.0
52.800000000000004,0.0,0.0,0.0,0.0,0.0,0.0,0.0,0.0,94.75,93.4,8.77,,,0.0
52.85,0.0,0.0,0.0,0.0,0.0,0.0,0.0,0.0,94.75,93.4,8.77,,,0.0
52.900000000000006,0.0,0.0,0.0,0.0,0.0,0.0,0.0,0.0,94.75,93.4,8.77,,,0.0
52.95,0.0,0.0,0.0,0.0,0.0,0.0,0.0,0.0,94.75,93.4,8.77,,,0.0
53.0,0.0,0.0,0.0,0.0,0.0,0.0,0.0,0.0,94.75,93.4,8.77,,,0.0
53.050000000000004,0.0,0.0,0.0,0.0,0.0,-0.0,0.0,0.0,94.75,93.4,8.77,,,0.0
53.1,0.0,0.0,0.0,0.0,0.0,0.0,0.0,0.0,94.75,93.4,8.77,,,0.0
53.150000000000006,0.0,0.0,0.0,0.0,0.0,0.0,0.0,0.0,94.75,93.4,8.77,,,0.0
53.2,0.0,0.0,0.0,0.0,0.0,0.0,0.0,0.0,94.75,93.4,8.77,,,0.0
53.25,0.0,0.0,0.0,0.0,0.0,0.0,0.0,0.0,94.75,93.4,8.77,,,0.0
53.300000000000004,0.0,0.0,0.0,0.0,0.0,0.0,0.0,0.0,94.75,93.4,8.77,,,0.0
53.35,0.0,0.0,0.0,0.0,0.0,0.0,0.0,0.0,94.75,93.4,8.77,,,0.0
53.400000000000006,0.0,0.0,0.0,0.0,0.0,0.0,0.0,0.0,94.75,93.4,8.77,,,0.0
53.45,0.0,0.0,0.0,0.0,0.0,-0.0,0.0,0.0,94.75,93.4,8.77,,,0.0
53.5,0.0,0.0,0.0,0.0,0.0,0.0,0.0,0.0,94.75,93.4,8.77,,,0.0
53.550000000000004,0.0,0.0,0.0,0.0,0.0,0.0,0.0,0.0,94.75,93.4,8.77,,,0.0
53.6,0.0,0.0,0.0,0.0,0.0,0.0,0.0,0.0,94.75,93.4,8.77,,,0.0
53.650000000000006,0.0,0.0,0.0,0.0,0.0,0.0,0.0,0.0,94.75,93.4,8.77,,,0.0
53.7,0.0,0.0,0.0,0.0,0.0,0.0,0.0,0.0,94.75,93.4,8.77,,,0.0
53.75,0.0,0.0,0.0,0.0,0.0,-0.0,0.0,0.0,94.75,93.4,8.77,,,0.0
53.800000000000004,0.0,0.0,0.0,0.0,0.0,0.0,0.0,0.0,94.75,93.4,8.77,,,0.0
53.85,0.0,0.0,0.0,0.0,0.0,-0.0,0.0,0.0,94.75,93.4,8.77,,,0.0
53.900000000000006,0.0,0.0,0.0,0.0,0.0,0.0,0.0,0.0,94.75,93.4,8.77,,,0.0
53.95,0.0,0.0,0.0,0.0,0.0,0.0,0.0,0.0,94.75,93.4,8.77,,,0.0
54.0,0.0,0.0,0.0,0.0,0.0,0.0,0.0,0.0,94.75,93.4,8.77,,,0.0
54.050000000000004,0.0,0.0,0.0,0.0,0.0,0.0,0.0,0.0,94.75,93.4,8.77,,,0.0
54.1,0.0,0.0,0.0,0.0,0.0,0.0,0.0,0.0,94.75,93.4,8.77,,,0.0
54.150000000000006,0.0,0.0,0.0,0.0,0.0,0.0,0.0,0.0,94.75,93.4,8.77,,,0.0
54.2,0.0,0.0,0.0,0.0,0.0,0.0,0.0,0.0,94.75,93.4,8.77,,,0.0
54.25,0.0,0.0,0.0,0.0,0.0,0.0,0.0,0.0,94.75,93.4,8.77,,,0.0
54.300000000000004,0.0,0.0,0.0,0.0,0.0,-0.0,0.0,0.0,94.75,93.4,8.77,,,0.0
54.35,0.0,0.0,0.0,0.0,0.0,0.0,0.0,0.0,94.75,93.4,8.77,,,0.0
54.400000000000006,0.0,0.0,0.0,0.0,0.0,0.0,0.0,0.0,94.75,93.4,8.77,,,0.0
54.45,0.0,0.0,0.0,0.0,0.0,0.0,0.0,0.0,94.75,93.4,8.77,,,0.0
54.5,0.0,0.0,0.0,0.0,0.0,0.0,0.0,0.0,94.75,93.4,8.77,,,0.0
54.550000000000004,0.0,0.0,0.0,0.0,0.0,0.0,0.0,0.0,94.75,93.4,8.77,,,0.0
54.6,0.0,0.0,0.0,0.0,0.0,-0.0,0.0,0.0,94.75,93.4,8.77,,,0.0
54.650000000000006,0.0,0.0,0.0,0.0,0.0,0.0,0.0,0.0,94.75,93.4,8.77,,,0.0
54.7,0.0,0.0,0.0,0.0,0.0,-0.0,0.0,0.0,94.75,93.4,8.77,,,0.0
54.75,0.0,0.0,0.0,0.0,0.0,0.0,0.0,0.0,94.75,93.4,8.77,,,0.0
54.800000000000004,0.0,0.0,0.0,0.0,0.0,0.0,0.0,0.0,94.75,93.4,8.77,,,0.0
54.85,0.0,0.0,0.0,0.0,0.0,0.0,0.0,0.0,94.75,93.4,8.77,,,0.0
54.900000000000006,0.0,0.0,0.0,0.0,0.0,0.0,0.0,0.0,94.75,93.4,8.77,,,0.0
54.95,0.0,0.0,0.0,0.0,0.0,0.0,0.0,0.0,94.75,93.4,8.77,,,0.0
55.0,0.0,0.0,0.0,0.0,0.0,0.0,0.0,0.0,94.75,93.4,8.77,,,0.0
55.050000000000004,0.0,0.0,0.0,0.0,0.0,0.0,0.0,0.0,94.75,93.4,8.77,,,0.0
55.1,0.0,0.0,0.0,0.0,0.0,0.0,0.0,0.0,94.75,93.4,8.77,,,0.0
55.150000000000006,0.0,0.0,0.0,0.0,0.0,-0.0,0.0,0.0,94.75,93.4,8.77,,,0.0
55.2,0.0,0.0,0.0,0.0,0.0,0.0,0.0,0.0,94.75,93.4,8.77,,,0.0
55.25,0.0,0.0,0.0,0.0,0.0,0.0,0.0,0.0,94.75,93.4,8.77,,,0.0
55.300000000000004,0.0,0.0,0.0,0.0,0.0,0.0,0.0,0.0,94.75,93.4,8.77,,,0.0
55.35,0.0,0.0,0.0,0.0,0.0,0.0,0.0,0.0,94.75,93.4,8.77,,,0.0
55.400000000000006,0.0,0.0,0.0,0.0,0.0,0.0,0.0,0.0,94.75,93.4,8.77,,,0.0
55.45,0.0,0.0,0.0,0.0,0.0,0.0,0.0,0.0,94.75,93.4,8.77,,,0.0
55.5,0.0,0.0,0.0,0.0,0.0,0.0,0.0,0.0,94.75,93.4,8.77,,,0.0
55.550000000000004,0.0,0.0,0.0,0.0,0.0,-0.0,0.0,0.0,94.75,93.4,8.77,,,0.0
55.6,0.0,0.0,0.0,0.0,0.0,0.0,0.0,0.0,94.75,93.4,8.77,,,0.0
55.650000000000006,0.0,0.0,0.0,0.0,0.0,0.0,0.0,0.0,94.75,93.4,8.77,,,0.0
55.7,0.0,0.0,0.0,0.0,0.0,0.0,0.0,0.0,94.75,93.4,8.77,,,0.0
55.75,0.0,0.0,0.0,0.0,0.0,0.0,0.0,0.0,94.75,93.4,8.77,,,0.0
55.800000000000004,0.0,0.0,0.0,0.0,0.0,0.0,0.0,0.0,94.75,93.4,8.77,,,0.0
55.85,0.0,0.0,0.0,0.0,0.0,0.0,0.0,0.0,94.75,93.4,8.77,,,0.0
55.900000000000006,0.0,0.0,0.0,0.0,0.0,0.0,0.0,0.0,94.75,93.4,8.77,,,0.0
55.95,0.0,0.0,0.0,0.0,0.0,-0.0,0.0,0.0,94.75,93.4,8.77,,,0.0
56.0,0.0,0.0,0.0,0.0,0.0,0.0,0.0,0.0,94.75,93.4,8.77,,,0.0
56.050000000000004,0.0,0.0,0.0,0.0,0.0,0.0,0.0,0.0,94.75,93.4,8.77,,,0.0
56.1,0.0,0.0,0.0,0.0,0.0,-0.0,0.0,0.0,94.75,93.4,8.77,,,0.0
56.150000000000006,0.0,0.0,0.0,0.0,0.0,0.0,0.0,0.0,94.75,93.4,8.77,,,0.0
56.2,0.0,0.0,0.0,0.0,0.0,0.0,0.0,0.0,94.75,93.4,8.77,,,0.0
56.25,0.0,0.0,0.0,0.0,0.0,0.0,0.0,0.0,94.75,93.4,8.77,,,0.0
56.300000000000004,0.0,0.0,0.0,0.0,0.0,0.0,0.0,0.0,94.75,93.4,8.77,,,0.0
56.35,0.0,0.0,0.0,0.0,0.0,0.0,0.0,0.0,94.75,93.4,8.77,,,0.0
56.400000000000006,0.0,0.0,0.0,0.0,0.0,-0.0,0.0,0.0,94.75,93.4,8.77,,,0.0
56.45,0.0,0.0,0.0,0.0,0.0,0.0,0.0,0.0,94.75,93.4,8.77,,,0.0
56.5,0.0,0.0,0.0,0.0,0.0,0.0,0.0,0.0,94.75,93.4,8.77,,,0.0
56.550000000000004,0.0,0.0,0.0,0.0,0.0,0.0,0.0,0.0,94.75,93.4,8.77,,,0.0
56.6,0.0,0.0,0.0,0.0,0.0,0.0,0.0,0.0,94.75,93.4,8.77,,,0.0
56.650000000000006,0.0,0.0,0.0,0.0,0.0,0.0,0.0,0.0,94.75,93.4,8.77,,,0.0
56.7,0.0,0.0,0.0,0.0,0.0,0.0,0.0,0.0,94.75,93.4,8.77,,,0.0
56.75,0.0,0.0,0.0,0.0,0.0,0.0,0.0,0.0,94.75,93.4,8.77,,,0.0
56.800000000000004,0.0,0.0,0.0,0.0,0.0,-0.0,0.0,0.0,94.75,93.4,8.77,,,0.0
56.85,0.0,0.0,0.0,0.0,0.0,0.0,0.0,0.0,94.75,93.4,8.77,,,0.0
56.900000000000006,0.0,0.0,0.0,0.0,0.0,0.0,0.0,0.0,94.75,93.4,8.77,,,0.0
56.95,0.0,0.0,0.0,0.0,0.0,-0.0,0.0,0.0,94.75,93.4,8.77,,,0.0
57.0,0.0,0.0,0.0,0.0,0.0,0.0,0.0,0.0,94.75,93.4,8.77,,,0.0
57.050000000000004,0.0,0.0,0.0,0.0,0.0,0.0,0.0,0.0,94.75,93.4,8.77,,,0.0
57.1,0.0,0.0,0.0,0.0,0.0,0.0,0.0,0.0,94.75,93.4,8.77,,,0.0
57.150000000000006,0.0,0.0,0.0,0.0,0.0,0.0,0.0,0.0,94.75,93.4,8.77,,,0.0
57.2,0.0,0.0,0.0,0.0,0.0,0.0,0.0,0.0,94.75,93.4,8.77,,,0.0
57.25,0.0,0.0,0.0,0.0,0.0,-0.0,0.0,0.0,94.75,93.4,8.77,,,0.0
57.300000000000004,0.0,0.0,0.0,0.0,0.0,0.0,0.0,0.0,94.75,93.4,8.77,,,0.0
57.35,0.0,0.0,0.0,0.0,0.0,0.0,0.0,0.0,94.75,93.4,8.77,,,0.0
57.400000000000006,0.0,0.0,0.0,0.0,0.0,0.0,0.0,0.0,94.75,93.4,8.77,,,0.0
57.45,0.0,0.0,0.0,0.0,0.0,0.0,0.0,0.0,94.75,93.4,8.77,,,0.0
57.5,0.0,0.0,0.0,0.0,0.0,0.0,0.0,0.0,94.75,93.4,8.77,,,0.0
57.550000000000004,0.0,0.0,0.0,0.0,0.0,0.0,0.0,0.0,94.75,93.4,8.77,,,0.0
57.6,0.0,0.0,0.0,0.0,0.0,0.0,0.0,0.0,94.75,93.4,8.77,,,0.0
57.650000000000006,0.0,0.0,0.0,0.0,0.0,-0.0,0.0,0.0,94.75,93.4,8.77,,,0.0
57.7,0.0,0.0,0.0,0.0,0.0,0.0,0.0,0.0,94.75,93.4,8.77,,,0.0
57.75,0.0,0.0,0.0,0.0,0.0,0.0,0.0,0.0,94.75,93.4,8.77,,,0.0
57.800000000000004,0.0,0.0,0.0,0.0,0.0,0.0,0.0,0.0,94.75,93.4,8.77,,,0.0
57.85,0.0,0.0,0.0,0.0,0.0,0.0,0.0,0.0,94.75,93.4,8.77,,,0.0
57.900000000000006,0.0,0.0,0.0,0.0,0.0,0.0,0.0,0.0,94.75,93.4,8.77,,,0.0
57.95,0.0,0.0,0.0,0.0,0.0,-0.0,0.0,0.0,94.75,93.4,8.77,,,0.0
58.0,0.0,0.0,0.0,0.0,0.0,0.0,0.0,0.0,94.75,93.4,8.77,,,0.0
58.050000000000004,0.0,0.0,0.0,0.0,0.0,-0.0,0.0,0.0,94.75,93.4,8.77,,,0.0
58.1,0.0,0.0,0.0,0.0,0.0,0.0,0.0,0.0,94.75,93.4,8.77,,,0.0
58.150000000000006,0.0,0.0,0.0,0.0,0.0,0.0,0.0,0.0,94.75,93.4,8.77,,,0.0
58.2,0.0,0.0,0.0,0.0,0.0,0.0,0.0,0.0,94.75,93.4,8.77,,,0.0
58.25,0.0,0.0,0.0,0.0,0.0,0.0,0.0,0.0,94.75,93.4,8.77,,,0.0
58.300000000000004,0.0,0.0,0.0,0.0,0.0,0.0,0.0,0.0,94.75,93.4,8.77,,,0.0
58.35,0.0,0.0,0.0,0.0,0.0,0.0,0.0,0.0,94.75,93.4,8.77,,,0.0
58.400000000000006,0.0,0.0,0.0,0.0,0.0,0.0,0.0,0.0,94.75,93.4,8.77,,,0.0
58.45,0.0,0.0,0.0,0.0,0.0,0.0,0.0,0.0,94.75,93.4,8.77,,,0.0
58.5,0.0,0.0,0.0,0.0,0.0,-0.0,0.0,0.0,94.75,93.4,8.77,,,0.0
58.550000000000004,0.0,0.0,0.0,0.0,0.0,0.0,0.0,0.0,94.75,93.4,8.77,,,0.0
58.6,0.0,0.0,0.0,0.0,0.0,0.0,0.0,0.0,94.75,93.4,8.77,,,0.0
58.650000000000006,0.0,0.0,0.0,0.0,0.0,0.0,0.0,0.0,94.75,93.4,8.77,,,0.0
58.7,0.0,0.0,0.0,0.0,0.0,0.0,0.0,0.0,94.75,93.4,8.77,,,0.0
58.75,0.0,0.0,0.0,0.0,0.0,0.0,0.0,0.0,94.75,93.4,8.77,,,0.0
58.800000000000004,0.0,0.0,0.0,0.0,0.0,0.0,0.0,0.0,94.75,93.4,8.77,,,0.0
58.85,0.0,0.0,0.0,0.0,0.0,0.0,0.0,0.0,94.75,93.4,8.77,,,0.0
58.900000000000006,0.0,0.0,0.0,0.0,0.0,-0.0,0.0,0.0,94.75,93.4,8.77,,,0.0
58.95,0.0,0.0,0.0,0.0,0.0,0.0,0.0,0.0,94.75,93.4,8.77,,,0.0
59.0,0.0,0.0,0.0,0.0,0.0,0.0,0.0,0.0,94.75,93.4,8.77,,,0.0
59.050000000000004,0.0,0.0,0.0,0.0,0.0,0.0,0.0,0.0,94.75,93.4,8.77,,,0.0
59.1,0.0,0.0,0.0,0.0,0.0,0.0,0.0,0.0,94.75,93.4,8.77,,,0.0
59.150000000000006,0.0,0.0,0.0,0.0,0.0,0.0,0.0,0.0,94.75,93.4,8.77,,,0.0
59.2,0.0,0.0,0.0,0.0,0.0,0.0,0.0,0.0,94.75,93.4,8.77,,,0.0
59.25,0.0,0.0,0.0,0.0,0.0,0.0,0.0,0.0,94.75,93.4,8.77,,,0.0
59.300000000000004,0.0,0.0,0.0,0.0,0.0,0.0,0.0,0.0,94.75,93.4,8.77,,,0.0
59.35,0.0,0.0,0.0,0.0,0.0,-0.0,0.0,0.0,94.75,93.4,8.77,,,0.0
59.400000000000006,0.0,0.0,0.0,0.0,0.0,0.0,0.0,0.0,94.75,93.4,8.77,,,0.0
59.45,0.0,0.0,0.0,0.0,0.0,0.0,0.0,0.0,94.75,93.4,8.77,,,0.0
59.5,0.0,0.0,0.0,0.0,0.0,0.0,0.0,0.0,94.75,93.4,8.77,,,0.0
59.550000000000004,0.0,0.0,0.0,0.0,0.0,0.0,0.0,0.0,94.75,93.4,8.77,,,0.0
59.6,0.0,0.0,0.0,0.0,0.0,0.0,0.0,0.0,94.75,93.4,8.77,,,0.0
59.650000000000006,0.0,0.0,0.0,0.0,0.0,-0.0,0.0,0.0,94.75,93.4,8.77,,,0.0
59.7,0.0,0.0,0.0,0.0,0.0,0.0,0.0,0.0,94.75,93.4,8.77,,,0.0
59.75,0.0,0.0,0.0,0.0,0.0,-0.0,0.0,0.0,94.75,93.4,8.77,,,0.0
59.800000000000004,0.0,0.0,0.0,0.0,0.0,0.0,0.0,0.0,94.75,93.4,8.77,,,0.0
59.85,0.0,0.0,0.0,0.0,0.0,0.0,0.0,0.0,94.75,93.4,8.77,,,0.0
59.900000000000006,0.0,0.0,0.0,0.0,0.0,0.0,0.0,0.0,94.75,93.4,8.77,,,0.0
59.95,0.0,0.0,0.0,0.0,0.0,0.0,0.0,0.0,94.75,93.4,8.77,,,0.0
60.0,0.0,0.0,0.0,0.0,0.0,0.0,0.0,0.0,94.75,93.4,8.77,,,0.0
60.050000000000004,0.0,0.0,0.0,0.0,0.0,0.0,0.0,0.0,94.75,93.4,8.77,,,0.0
