Frame,Actor_206,Ego_Vehicle
1,8.82,8.17
2,10.58,4.18
3,10.75,1.82
4,7.77,0.48
5,4.89,0.23
6,0.29,0.57
7,1.26,0.69
8,1.82,0.69
9,2.03,0.63
10,1.97,0.55
11,1.73,0.46
12,1.39,0.38
13,1.01,0.3
14,0.64,0.24
15,0.32,0.19
16,0.06,0.15
17,0.13,0.11
18,0.25,0.09
19,0.31,0.07
20,0.32,0.05
21,0.29,0.04
22,0.24,0.03
23,0.19,0.02
24,0.13,0.0
25,0.07,0.0
26,0.03,0.0
27,0.01,0.0
28,0.03,0.0
29,0.0,0.0
30,0.0,0.0
31,0.0,0.0
32,0.0,0.0
33,0.0,0.0
34,0.0,0.0
35,0.0,0.0
36,0.0,0.0
37,0.0,0.0
38,0.0,0.0
39,0.0,0.0
40,0.0,0.0
41,0.0,0.0
42,0.0,0.0
43,0.0,0.0
44,0.0,0.0
45,0.0,0.0
46,0.0,0.0
47,0.0,0.0
48,0.0,0.0
49,0.0,0.0
50,0.0,0.0
51,0.0,0.0
52,0.0,0.0
53,0.0,0.0
54,0.0,0.0
55,0.0,0.0
56,0.0,0.0
57,0.0,0.0
58,0.0,0.0
59,0.0,0.0
60,0.0,0.0
61,0.0,0.0
62,0.0,0.0
63,0.0,0.0
64,0.0,0.0
65,0.0,0.0
66,0.0,0.0
67,0.0,0.0
68,0.0,0.0
69,0.0,0.0
70,0.0,0.0
71,0.0,0.0
72,0.0,0.0
73,0.0,0.0
74,0.0,0.0
75,0.0,0.0
76,0.0,0.0
77,0.0,0.0
78,0.0,0.0
79,0.0,0.0
80,0.0,0.0
81,0.0,0.0
82,0.0,0.0
83,0.0,0.0
84,0.0,0.0
85,0.0,0.0
86,0.0,0.0
87,0.0,0.0
88,0.0,0.0
89,0.0,0.0
90,0.0,0.0
91,0.0,0.0
92,0.0,0.0
93,0.0,0.0
94,0.0,0.0
95,0.0,0.0
96,0.0,0.0
97,0.0,0.0
98,0.0,0.0
99,0.0,0.0
100,0.0,0.0
101,0.0,0.0
102,0.0,0.0
103,0.0,0.0
104,0.0,0.0
105,0.0,0.0
106,0.0,0.0
107,0.0,0.0
108,0.0,0.0
109,0.0,0.0
110,0.0,0.0
111,0.0,0.0
112,0.0,0.0
113,0.0,0.0
114,0.0,0.0
115,0.0,0.0
116,0.0,0.0
117,0.0,0.0
118,0.0,0.0
119,0.0,0.0
120,0.0,0.0
121,0.0,0.0
122,0.0,0.0
123,0.0,0.0
124,0.0,0.0
125,0.0,0.0
126,0.0,0.0
127,0.0,0.0
128,0.0,0.0
129,0.0,0.0
130,0.0,0.0
131,0.0,0.0
132,0.0,0.0
133,0.0,0.0
134,0.0,0.0
135,0.0,0.0
136,0.0,0.0
137,0.0,0.0
138,0.0,0.0
139,0.0,0.0
140,0.0,0.0
141,0.0,0.0
142,0.0,0.0
143,0.0,0.0
144,0.0,0.0
145,0.0,0.0
146,0.0,0.0
147,0.0,0.0
148,0.0,0.0
149,0.0,0.0
150,0.0,0.0
151,0.0,0.0
152,0.0,0.0
153,0.0,0.0
154,0.0,0.0
155,0.0,0.0
156,0.0,0.0
157,0.0,0.0
158,0.0,0.0
159,0.0,0.0
160,0.0,0.0
161,0.0,0.0
162,0.0,0.0
163,0.0,0.0
164,0.0,0.0
165,0.0,0.0
166,0.0,0.0
167,0.0,0.0
168,0.0,0.0
169,0.0,0.0
170,0.0,0.0
171,0.0,0.0
172,0.0,0.0
173,0.0,0.0
174,0.0,0.0
175,0.0,0.0
176,0.0,0.0
177,0.0,0.0
178,0.0,0.0
179,0.0,0.0
180,0.0,0.0
181,0.0,0.0
182,0.0,0.0
183,0.0,0.0
184,0.0,0.0
185,0.0,0.0
186,0.0,0.0
187,0.0,0.0
188,0.0,0.0
189,0.0,0.0
190,0.0,0.0
191,0.0,0.01
192,0.0,0.01
193,0.0,0.01
194,0.0,0.01
195,0.0,0.01
196,0.0,0.01
197,0.0,0.0
198,0.0,0.0
199,0.0,0.0
200,0.0,0.0
201,0.0,0.0
202,0.0,0.0
203,0.0,0.0
204,0.0,0.0
205,0.0,0.0
206,0.0,0.0
207,0.0,0.0
208,0.0,0.0
209,0.0,0.0
210,0.0,0.0
211,0.0,0.0
212,0.0,0.0
213,0.0,0.0
214,0.0,0.0
215,0.0,0.0
216,0.0,0.0
217,0.0,0.0
218,0.0,0.0
219,0.0,0.0
220,0.0,0.0
221,0.0,0.0
222,0.0,0.0
223,0.0,0.0
224,0.0,0.0
225,0.0,0.0
226,0.0,0.0
227,0.0,0.0
228,0.0,0.0
229,0.0,0.0
230,0.0,0.0
231,0.0,0.0
232,0.0,0.0
233,0.0,0.0
234,0.0,0.0
235,0.0,0.0
236,0.0,0.0
237,0.0,0.0
238,0.0,1.54
239,18.98,2.53
240,20.89,3.28
241,19.1,3.65
242,20.89,3.76
243,19.09,3.67
244,20.89,3.66
245,19.09,3.51
246,20.89,3.34
247,19.1,3.25
248,20.89,3.31
249,19.1,3.57
250,20.89,4.01
251,19.1,4.54
252,20.89,5.04
253,19.1,5.41
254,20.89,5.64
255,19.1,5.81
256,20.89,6.01
257,19.1,6.27
258,20.89,6.54
259,19.1,6.8
260,20.89,7.12
261,19.1,7.49
262,20.89,7.88
263,19.1,8.24
264,20.89,8.56
265,19.1,8.82
266,20.89,9.03
267,19.1,9.26
268,20.89,9.49
269,19.1,9.74
270,20.89,9.98
271,19.1,10.23
272,20.89,10.48
273,19.1,10.71
274,20.89,10.93
275,19.1,11.19
276,20.89,11.45
277,19.1,11.73
278,20.89,11.99
279,19.1,12.22
280,20.89,12.41
281,19.1,12.58
282,20.89,12.74
283,19.1,12.91
284,20.89,13.1
285,19.1,13.32
286,20.89,13.57
287,19.1,13.82
288,20.89,14.05
289,19.1,14.26
290,20.89,14.46
291,19.1,14.67
292,20.89,14.88
293,19.1,15.09
294,20.89,15.3
295,19.1,15.5
296,20.89,15.68
297,19.1,15.86
298,20.89,16.05
299,19.1,16.2
300,20.89,16.32
301,19.1,16.43
302,20.89,16.54
303,19.1,16.67
304,20.89,16.82
305,19.1,16.98
306,20.89,17.16
307,19.1,17.32
308,20.89,17.45
309,19.1,17.57
310,20.89,17.69
311,19.1,17.8
312,20.89,17.91
313,19.1,18.03
314,20.89,18.18
315,19.1,18.35
316,20.89,18.54
317,19.1,18.74
318,20.89,18.91
319,19.1,19.03
320,20.89,19.07
321,19.1,19.08
322,20.89,19.08
323,19.1,19.1
324,20.89,19.17
325,19.1,19.3
326,20.89,19.47
327,19.1,19.68
328,20.89,19.89
329,19.1,20.1
330,20.89,20.28
331,19.1,20.42
332,20.89,20.51
333,19.1,20.54
334,20.89,20.52
335,19.1,20.46
336,20.89,20.4
337,19.1,20.34
338,20.89,20.31
339,19.1,20.31
340,20.89,20.33
341,19.1,20.35
342,20.89,20.38
343,19.1,20.39
344,20.89,20.37
345,19.1,20.33
346,20.89,20.27
347,19.1,20.19
348,20.89,20.1
349,19.1,20.02
350,20.89,19.96
351,19.1,19.94
352,20.89,19.95
353,19.1,19.98
354,20.89,20.03
355,19.1,20.1
356,20.89,20.17
357,19.1,20.22
358,20.89,20.23
359,19.1,20.19
360,20.89,20.1
361,19.1,19.98
362,20.89,19.84
363,19.1,19.7
364,20.89,19.59
365,19.1,19.54
366,20.89,19.56
367,19.1,19.65
368,20.89,19.78
369,19.1,19.92
370,20.89,20.04
371,19.1,20.13
372,20.89,20.18
373,19.1,20.17
374,20.89,20.11
375,19.1,20.0
376,20.89,19.86
377,19.1,19.69
378,20.89,19.52
379,19.1,19.38
380,20.89,19.31
381,19.1,19.33
382,20.89,19.42
383,19.1,19.54
384,20.89,19.66
385,19.1,19.77
386,20.89,19.86
387,19.1,19.92
388,20.89,19.96
389,19.1,19.98
390,20.89,19.99
391,19.1,20.0
392,20.89,20.03
393,19.1,20.08
394,20.89,20.13
395,19.1,20.17
396,20.89,20.19
397,19.1,20.18
398,20.89,20.14
399,19.1,20.08
400,20.89,20.0
401,19.1,19.92
402,20.89,19.84
403,19.1,19.81
404,20.89,19.81
405,19.1,19.87
406,20.89,19.96
407,19.1,20.09
408,20.89,20.24
409,19.1,20.39
410,20.89,20.51
411,19.1,20.58
412,20.89,20.57
413,19.1,20.52
414,20.89,20.44
415,19.1,20.34
416,20.89,20.25
417,19.1,20.17
418,20.89,20.11
419,19.1,20.07
420,20.89,20.06
421,19.1,20.05
422,20.89,20.04
423,19.1,20.02
424,20.89,19.99
425,19.1,19.93
426,20.89,19.85
427,19.1,19.77
428,20.89,19.7
429,19.1,19.64
430,20.89,19.61
431,19.1,19.62
432,20.89,19.65
433,19.1,19.72
434,20.89,19.8
435,19.1,19.89
436,20.89,19.97
437,19.1,20.03
438,20.89,20.07
439,19.1,20.09
440,20.89,20.09
441,19.1,20.07
442,20.89,20.02
443,19.1,19.96
444,20.89,19.89
445,19.1,19.82
446,20.89,19.79
447,19.1,19.8
448,20.89,19.85
449,19.1,19.94
450,20.89,20.04
451,19.1,20.15
452,20.89,20.25
453,19.1,20.3
454,20.89,20.3
455,19.1,20.25
456,20.89,20.15
457,19.1,20.03
458,20.89,19.89
459,19.1,19.79
460,20.89,19.73
461,19.1,19.7
462,20.89,19.71
463,19.1,19.76
464,20.89,19.85
465,19.1,19.96
466,20.89,20.07
467,19.1,20.18
468,20.89,20.27
469,19.1,20.33
470,20.89,20.34
471,19.1,20.3
472,20.89,20.22
473,19.1,20.1
474,20.89,19.97
475,19.1,19.84
476,20.89,19.74
477,19.1,19.67
478,20.89,19.66
479,19.1,19.71
480,20.89,19.81
481,19.1,19.96
482,20.89,20.11
483,19.1,20.25
484,20.89,20.36
485,19.1,20.4
486,20.89,20.38
487,19.1,20.3
488,20.89,20.17
489,19.1,20.03
490,20.89,19.89
491,19.1,19.78
492,20.89,19.71
493,19.1,19.71
494,20.89,19.76
495,19.1,19.86
496,20.89,20.01
497,19.1,20.17
498,20.89,20.31
499,19.1,20.4
500,20.89,20.42
501,19.1,20.37
502,20.89,20.24
503,19.1,20.08
504,20.89,19.89
505,19.1,19.72
506,20.89,19.6
507,19.1,19.52
508,20.89,19.49
509,19.1,19.49
510,20.89,19.53
511,19.1,19.59
512,20.89,19.67
513,19.1,19.74
514,20.89,19.81
515,19.1,19.88
516,20.89,19.93
517,19.1,19.96
518,20.89,20.0
519,19.1,20.04
520,20.89,20.08
521,19.1,20.11
522,20.89,20.12
523,19.1,20.11
524,20.89,20.08
525,19.1,20.02
526,20.89,19.95
527,19.1,19.89
528,20.0,19.85
529,18.0,19.84
530,18.09,19.87
531,16.04,19.95
532,15.08,20.05
533,13.41,20.16
534,12.53,20.26
535,10.78,20.33
536,9.93,20.37
537,8.11,20.37
538,7.28,20.3
539,5.35,20.18
540,4.51,20.02
541,2.38,19.86
542,1.16,19.71
543,0.0,19.59
544,0.0,19.51
545,0.0,19.47
546,0.01,19.48
547,0.0,19.53
548,0.0,19.58
549,0.0,19.61
550,0.0,19.59
551,0.0,19.51
552,0.0,19.39
553,0.0,19.22
554,0.0,19.03
555,0.0,18.84
556,0.0,18.65
557,0.0,18.51
558,0.0,18.45
559,0.0,18.47
560,0.0,18.54
561,0.0,18.6
562,0.0,18.64
563,0.0,18.61
564,0.0,18.51
565,0.0,18.35
566,0.0,18.14
567,0.0,17.89
568,0.0,17.63
569,0.0,17.4
570,0.0,17.2
571,0.0,17.04
572,0.0,16.93
573,0.0,16.84
574,0.0,16.76
575,0.0,16.66
576,0.0,16.53
577,0.0,16.36
578,0.0,16.16
579,0.0,15.93
580,0.0,15.71
581,0.0,15.5
582,0.0,15.28
583,0.0,15.06
584,0.0,14.84
585,0.0,14.62
586,0.0,14.41
587,0.0,14.2
588,0.0,14.01
589,0.0,13.87
590,0.0,13.78
591,0.0,13.68
592,0.0,13.54
593,0.0,13.34
594,0.0,13.08
595,0.0,12.77
596,0.0,12.43
597,0.0,12.09
598,0.0,11.77
599,0.0,11.46
600,0.0,11.13
601,0.0,10.8
602,0.0,10.46
603,0.0,10.12
604,0.0,9.81
605,0.0,9.59
606,0.0,9.43
607,0.0,9.26
608,0.0,9.04
609,0.0,8.8
610,0.0,8.38
611,0.0,7.85
612,0.0,7.27
613,0.0,6.67
614,0.0,6.07
615,0.0,5.49
616,0.0,4.9
617,0.0,4.31
618,0.0,3.69
619,0.0,3.25
620,0.0,1.16
621,0.0,0.0
622,0.0,0.0
623,0.0,0.0
624,0.0,0.0
625,0.0,0.0
626,0.0,0.0
627,0.0,0.0
628,0.0,0.0
629,0.0,0.0
630,0.0,0.0
631,0.0,0.0
632,0.0,0.0
633,0.0,0.0
634,0.0,0.0
635,0.0,0.0
636,0.0,0.0
637,0.0,0.0
638,0.0,0.0
639,0.0,0.0
640,0.0,0.0
641,0.0,0.0
642,0.0,0.0
643,0.0,0.0
644,0.0,0.0
645,0.0,0.0
646,0.0,0.0
647,0.0,0.0
648,0.0,0.0
649,0.0,0.0
650,0.0,0.0
651,0.0,0.0
652,0.0,0.0
653,0.0,0.0
654,0.0,0.0
655,0.0,0.0
656,0.0,0.0
657,0.0,0.0
658,0.0,0.0
659,15.13,0.0
660,15.19,0.0
661,15.17,0.0
662,15.09,0.0
663,14.95,0.0
664,14.79,0.0
665,14.6,0.0
666,14.41,0.0
667,14.39,0.0
668,14.32,0.0
669,14.29,0.0
670,14.28,0.0
671,14.27,0.0
672,14.26,0.0
673,14.26,0.0
674,14.25,0.0
675,14.25,0.0
676,14.25,0.0
677,14.24,0.0
678,14.24,0.0
679,14.24,0.02
680,14.24,0.02
681,14.24,0.01
682,14.24,0.03
683,14.24,0.0
684,14.24,0.04
685,14.24,0.01
686,14.24,0.06
687,14.24,0.04
688,14.24,0.08
689,14.24,0.06
690,14.24,0.11
691,14.24,0.09
692,14.24,0.14
693,14.24,0.13
694,14.24,0.18
695,14.24,0.17
696,14.24,0.22
697,14.24,0.22
698,14.24,0.28
699,14.24,0.63
700,14.24,0.92
701,14.24,1.12
702,14.24,1.3
703,14.24,1.43
704,14.24,1.45
705,14.24,1.47
706,14.24,1.54
707,14.24,1.64
708,14.24,1.73
709,14.24,1.84
710,14.24,1.99
711,14.24,2.1
712,14.24,2.23
713,14.24,2.45
714,14.24,2.55
715,14.24,2.72
716,14.24,2.85
717,14.24,3.02
718,14.24,3.15
719,14.24,3.31
720,14.24,3.44
721,14.24,3.59
722,14.24,3.71
723,14.24,3.86
724,14.24,3.99
725,14.24,4.14
726,14.24,4.25
727,14.24,4.35
728,14.24,4.39
729,14.24,4.45
730,14.24,4.51
731,14.24,4.58
732,14.24,4.66
733,14.24,4.77
734,14.24,4.89
735,14.24,5.03
736,14.24,5.17
737,14.24,5.3
738,14.24,5.42
739,14.24,5.52
740,14.24,5.62
741,14.24,5.74
742,14.24,5.87
743,14.24,6.0
744,14.24,6.14
745,14.24,6.28
746,14.24,6.41
747,14.24,6.54
748,14.24,6.67
749,14.24,6.79
750,14.24,6.91
751,14.24,7.03
752,14.24,7.16
753,14.24,7.29
754,14.24,7.42
755,14.24,7.55
756,14.24,7.68
757,14.24,7.84
758,14.24,8.0
759,14.24,8.17
760,14.24,8.34
761,14.24,8.48
762,14.24,8.57
763,14.24,8.61
764,14.24,8.64
765,14.24,8.68
766,14.24,8.74
767,14.24,8.83
768,14.24,8.95
769,14.24,9.09
770,14.24,9.24
771,14.24,9.4
772,14.24,9.56
773,14.24,9.7
774,14.24,9.83
775,14.24,9.94
776,14.24,10.04
777,14.24,10.14
778,14.24,10.25
779,14.24,10.36
780,14.24,10.48
781,14.24,10.6
782,14.24,10.73
783,14.24,10.86
784,14.24,11.01
785,14.24,11.17
786,14.24,11.32
787,14.24,11.47
788,14.24,11.61
789,14.24,11.75
790,14.24,11.88
791,14.24,12.0
792,14.24,12.13
793,14.24,12.27
794,14.24,12.4
795,14.24,12.55
796,14.24,12.69
797,14.24,12.84
798,14.24,12.99
799,14.24,13.14
800,14.24,13.29
801,14.24,13.44
802,14.24,13.58
803,14.24,13.71
804,14.24,13.83
805,14.24,13.98
806,14.24,14.17
807,14.24,14.39
808,14.24,14.62
809,14.24,14.85
810,14.24,15.06
811,14.24,15.25
812,14.24,15.42
813,14.24,15.56
814,14.24,15.69
815,14.24,15.79
816,14.24,15.88
817,14.24,15.97
818,14.24,16.1
819,14.24,16.27
820,14.24,16.44
821,14.24,16.59
822,14.24,16.72
823,14.24,16.84
824,14.24,16.94
825,14.24,17.05
826,14.24,17.16
827,14.24,17.28
828,14.24,17.4
829,14.24,17.54
830,14.24,17.69
831,14.24,17.85
832,14.24,18.0
833,14.24,18.16
834,14.24,18.31
835,14.24,18.45
836,14.24,18.53
837,14.24,18.57
838,14.24,18.6
839,14.24,18.64
840,14.24,18.7
841,14.24,18.8
842,14.24,18.93
843,14.24,19.09
844,14.24,19.27
845,14.24,19.46
846,14.24,19.64
847,14.24,19.83
848,14.24,20.01
849,14.24,20.18
850,14.24,20.31
851,14.24,20.38
852,14.24,20.44
853,14.24,20.49
854,14.24,20.54
855,14.24,20.58
856,14.24,20.61
857,14.24,20.63
858,14.24,20.64
859,14.24,20.63
860,14.24,20.63
861,14.24,20.61
862,14.24,20.59
863,14.24,20.56
864,14.24,20.53
865,14.24,20.5
866,14.24,20.46
867,14.24,20.42
868,14.24,20.37
869,14.24,20.31
870,14.24,20.26
871,14.24,20.19
872,14.24,20.12
873,14.24,20.04
874,14.24,19.96
875,14.24,19.88
876,14.24,19.8
877,14.24,19.72
878,14.24,19.66
879,14.24,19.64
880,14.24,19.65
881,14.24,19.69
882,14.24,19.77
883,14.24,19.86
884,14.24,19.95
885,14.24,20.04
886,14.24,20.11
887,14.24,20.15
888,14.24,20.14
889,14.24,20.1
890,14.24,20.03
891,14.24,19.95
892,14.24,19.85
893,14.24,19.77
894,14.24,19.73
895,14.24,19.73
896,14.24,19.78
897,14.24,19.88
898,14.24,20.0
899,14.24,20.13
900,14.24,20.24
901,14.24,20.29
902,14.24,20.27
903,14.24,20.2
904,14.24,20.1
905,14.24,19.97
906,14.24,19.85
907,14.24,19.75
908,14.24,19.69
909,14.24,19.68
910,14.24,19.73
911,14.24,19.82
912,14.24,19.96
913,14.24,20.11
914,14.24,20.25
915,14.24,20.37
916,14.24,20.45
917,14.24,20.47
918,14.24,20.43
919,14.24,20.34
920,14.24,20.2
921,14.24,20.05
922,14.24,19.9
923,14.24,19.81
924,14.24,19.8
925,14.24,19.86
926,14.24,19.99
927,14.24,20.17
928,14.24,20.36
929,14.24,20.54
930,14.24,20.65
931,14.24,20.64
932,14.24,20.49
933,14.24,20.24
934,14.24,19.94
935,14.24,19.61
936,14.24,19.33
937,14.24,19.13
938,14.24,19.07
939,14.24,19.15
940,14.24,19.34
941,14.24,19.59
942,14.24,19.85
943,14.24,20.08
944,14.24,20.24
945,14.24,20.35
946,14.24,20.37
947,14.24,20.29
948,14.24,20.14
949,14.24,19.94
950,14.24,19.74
951,14.24,19.57
952,14.24,19.47
953,14.24,19.46
954,14.24,19.55
955,14.24,19.73
956,14.24,19.96
957,14.24,20.2
958,14.24,20.41
959,14.24,20.57
960,14.24,20.63
961,14.24,20.59
962,14.24,20.47
963,14.24,20.27
964,14.24,20.05
965,14.24,19.86
966,14.24,19.68
967,14.24,19.52
968,14.24,19.44
969,14.24,19.44
970,14.24,19.5
971,14.24,19.58
972,14.24,19.68
973,14.24,19.75
974,14.24,19.79
975,14.24,19.77
976,14.24,19.71
977,14.24,19.65
978,14.24,19.59
979,14.24,19.56
980,14.24,19.58
981,14.24,19.63
982,14.24,19.71
983,14.24,19.82
984,14.24,19.93
985,14.24,20.04
986,14.24,20.14
987,14.24,20.22
988,14.24,20.25
989,14.24,20.24
990,14.24,20.17
991,14.24,20.07
992,14.24,19.95
993,14.24,19.84
994,14.24,19.74
995,14.24,19.71
996,14.24,19.74
997,14.24,19.82
998,14.24,19.94
999,14.24,20.07
1000,14.24,20.19
1001,14.24,20.27
1002,14.24,20.31
1003,14.24,20.3
1004,14.24,20.24
1005,14.24,20.15
1006,14.24,20.03
1007,14.24,19.92
1008,14.24,19.84
1009,14.24,19.77
1010,14.24,19.76
1011,14.24,19.79
1012,14.24,19.86
1013,14.24,19.96
1014,14.24,20.06
1015,14.24,20.13
1016,14.24,20.18
1017,14.24,20.18
1018,14.24,20.12
1019,14.24,20.01
1020,14.24,19.88
1021,14.24,19.73
1022,14.24,19.59
1023,14.24,19.49
1024,14.24,19.46
1025,14.24,19.51
1026,14.24,19.62
1027,14.24,19.77
1028,14.24,19.95
1029,14.24,20.12
1030,14.24,20.25
1031,14.24,20.32
1032,14.24,20.31
1033,14.24,20.19
1034,14.24,20.0
1035,14.24,19.75
1036,14.24,19.51
1037,14.24,19.29
1038,14.24,19.12
1039,14.24,19.02
1040,14.24,18.99
1041,14.24,19.03
1042,14.24,19.12
1043,14.24,19.24
1044,14.24,19.36
1045,14.24,19.46
1046,14.24,19.52
1047,14.24,19.53
1048,14.24,19.46
1049,14.24,19.32
1050,14.24,19.14
1051,14.24,18.94
1052,14.24,18.76
1053,14.24,18.61
1054,14.24,18.5
1055,14.24,18.47
1056,14.24,18.51
1057,14.24,18.61
1058,14.24,18.75
1059,14.24,18.91
1060,14.24,19.05
1061,14.24,19.14
1062,14.24,19.17
1063,14.24,19.12
1064,14.24,19.01
1065,14.24,18.83
1066,14.24,18.63
1067,14.24,18.44
1068,14.24,18.34
1069,14.24,18.35
1070,14.24,18.46
1071,14.24,18.62
1072,14.24,18.8
1073,14.24,18.95
1074,14.24,19.05
1075,14.24,19.07
1076,14.24,19.0
1077,14.24,18.84
1078,14.24,18.63
1079,14.24,18.4
1080,14.24,18.19
1081,14.24,18.02
1082,14.24,17.92
1083,14.24,17.9
1084,14.24,17.96
1085,14.24,18.09
1086,14.24,18.26
1087,14.24,18.44
1088,14.24,18.6
1089,14.24,18.67
1090,14.24,18.65
1091,14.24,18.57
1092,14.24,18.45
1093,14.24,18.3
1094,14.24,18.16
1095,14.24,18.07
1096,14.24,18.05
1097,14.24,18.08
1098,14.24,18.15
1099,14.24,18.23
1100,14.24,18.29
1101,14.24,18.32
1102,14.24,18.29
1103,14.24,18.21
1104,14.24,18.09
1105,14.24,17.94
1106,14.24,17.8
1107,14.24,17.67
1108,14.24,17.57
1109,14.24,17.53
1110,14.24,17.54
1111,14.24,17.61
1112,14.24,17.7
1113,14.24,17.8
1114,14.24,17.86
1115,14.24,17.88
1116,14.24,17.85
1117,14.24,17.79
1118,14.24,17.69
1119,14.24,17.58
1120,14.24,17.46
1121,14.24,17.38
1122,14.24,17.36
1123,14.24,17.37
1124,14.24,17.41
1125,14.24,17.48
1126,14.24,17.56
1127,14.24,17.64
1128,14.24,17.72
1129,14.24,17.76
1130,14.24,17.76
1131,14.24,17.72
1132,14.24,17.64
1133,14.24,17.54
1134,14.24,17.44
1135,14.24,17.36
1136,14.24,17.33
1137,14.24,17.36
1138,14.24,17.41
1139,14.24,17.48
1140,14.24,17.57
1141,14.24,17.65
1142,14.24,17.7
1143,14.24,17.7
1144,14.24,17.66
1145,14.24,17.58
1146,14.24,17.48
1147,14.24,17.35
1148,14.24,17.22
1149,14.24,17.12
1150,14.24,17.07
1151,14.24,17.08
1152,14.24,17.14
1153,14.24,17.24
1154,14.24,17.36
1155,14.24,17.48
1156,14.24,17.59
1157,14.24,17.66
1158,14.24,17.68
1159,14.24,17.64
1160,14.24,17.54
1161,14.24,17.42
1162,14.24,17.31
1163,14.24,17.23
1164,14.24,17.18
1165,14.24,17.17
1166,14.24,17.2
1167,14.24,17.27
1168,14.24,17.37
1169,14.24,17.48
1170,14.24,17.56
1171,14.24,17.6
1172,14.24,17.57
1173,14.24,17.49
1174,14.24,17.37
1175,14.24,17.23
1176,14.24,17.11
1177,14.24,17.05
1178,14.24,17.03
1179,14.24,17.06
1180,14.24,17.11
1181,14.24,17.16
1182,14.24,17.2
1183,14.24,17.19
1184,14.24,17.13
1185,14.24,17.04
1186,14.24,16.93
1187,14.24,16.81
1188,14.24,16.68
1189,14.24,16.53
1190,14.24,16.36
1191,14.24,16.19
1192,14.24,16.02
1193,14.24,15.88
1194,14.24,15.75
1195,14.24,15.65
1196,14.24,15.56
1197,14.24,15.5
1198,14.24,15.47
1199,14.24,15.42
1200,14.24,15.36
1201,14.24,15.27
1202,14.24,15.15
1203,14.24,15.0
1204,14.24,14.81
1205,14.24,14.6
1206,14.24,14.38
1207,14.24,14.18
1208,14.24,13.99
1209,14.24,13.82
1210,14.24,13.67
1211,14.24,13.53
1212,14.24,13.38
1213,14.24,13.23
1214,14.24,13.05
1215,14.24,12.86
1216,14.24,12.65
1217,14.24,12.42
1218,14.24,12.19
1219,14.24,11.95
1220,14.24,11.72
1221,14.24,11.49
1222,14.24,11.27
1223,14.24,11.04
1224,14.24,10.8
1225,14.24,10.56
1226,14.24,10.34
1227,14.24,10.13
1228,14.24,9.9
1229,14.24,9.62
1230,14.24,9.32
1231,14.24,9.0
1232,14.24,8.72
1233,14.24,8.4
1234,14.24,8.06
1235,14.24,7.55
1236,14.24,7.25
1237,14.24,6.84
1238,14.24,6.46
1239,14.24,6.05
1240,14.24,5.59
1241,14.12,5.08
1242,14.42,4.53
1243,14.43,3.95
1244,14.43,3.16
1245,14.43,0.74
1246,14.44,0.0
1247,14.45,0.0
1248,14.45,0.0
1249,14.46,0.0
1250,14.46,0.0
1251,14.47,0.0
1252,14.47,0.0
1253,13.96,0.0
1254,14.17,0.0
1255,14.07,0.0
1256,14.13,0.0
1257,14.15,0.0
1258,14.17,0.0
1259,17.17,0.0
1260,17.2,0.0
1261,4.2,0.0
1262,3.29,0.0
1263,3.36,0.0
1264,3.1,0.0
1265,3.06,0.0
1266,3.27,0.0
1267,3.08,0.0
1268,3.47,0.0
1269,3.24,0.0
1270,3.18,0.0
1271,3.41,0.0
1272,3.05,0.0
1273,3.38,0.0
1274,2.24,0.0
1275,3.32,0.0
1276,1.98,0.0
1277,2.39,0.0
1278,2.29,0.0
1279,2.22,0.0
1280,2.16,0.0
1281,3.07,0.0
1282,2.5,0.0
1283,1.54,0.0
1284,1.96,0.0
1285,2.82,0.0
1286,1.79,0.0
1287,1.41,0.0
1288,0.92,0.0
1289,1.27,0.0
1290,1.59,0.0
1291,2.51,0.0
1292,4.37,0.0
1293,6.15,0.0
1294,7.27,0.0
1295,8.7,0.0
1296,1.52,0.0
1297,1.12,0.0
1298,11.04,0.0
1299,10.4,0.0
1300,13.28,0.0
1301,14.77,0.0
1302,15.37,0.0
1303,15.56,0.0
1304,15.45,0.0
1305,15.36,0.0
1306,16.01,0.0
1307,15.35,0.0
1308,14.38,0.0
1309,14.68,0.0
1310,14.97,0.0
1311,15.05,0.0
1312,14.86,0.0
1313,14.71,0.0
1314,14.53,0.0
1315,14.32,0.0
1316,14.11,0.0
1317,14.13,0.0
1318,15.37,0.0
1319,16.54,0.0
1320,16.79,0.0
1321,17.33,0.0
1322,17.65,0.0
1323,17.99,0.0
1324,17.65,0.0
1325,17.14,0.0
1326,16.85,0.0
1327,16.65,0.0
1328,17.04,0.0
1329,16.98,0.0
1330,17.91,0.0
1331,18.9,0.0
1332,19.18,0.0
1333,19.31,0.0
1334,19.54,0.0
1335,19.61,0.0
1336,19.68,0.0
1337,19.5,0.0
1338,19.03,0.0
1339,18.88,0.0
1340,17.68,0.0
1341,16.94,0.0
1342,16.84,0.0
1343,16.67,0.0
1344,16.59,0.0
1345,16.58,0.0
1346,15.33,0.0
1347,14.41,0.0
1348,14.53,0.0
1349,14.57,0.0
1350,14.47,0.0
1351,14.35,0.0
1352,14.25,0.0
1353,14.26,0.0
1354,14.23,0.0
1355,14.22,0.0
1356,14.22,0.0
1357,14.23,0.0
1358,14.23,0.0
1359,14.23,0.0
1360,14.22,0.0
1361,14.22,0.0
1362,14.22,0.0
1363,14.21,0.0
1364,14.21,0.0
1365,14.22,0.0
1366,14.23,0.0
1367,14.23,0.0
1368,14.23,0.0
1369,14.23,0.0
1370,14.23,0.0
1371,14.23,0.0
1372,14.23,0.0
1373,14.24,0.0
1374,14.24,0.0
1375,14.24,0.0
1376,14.24,0.0
1377,14.24,0.0
1378,14.24,0.0
1379,14.24,0.0
1380,14.24,0.0
1381,14.24,0.0
1382,14.24,0.0
1383,14.24,0.0
1384,14.24,0.0
1385,14.24,0.0
1386,14.24,0.0
1387,14.24,0.0
1388,14.24,0.0
1389,14.24,0.0
1390,14.24,0.0
1391,14.24,0.0
1392,14.24,0.0
1393,14.24,0.0
1394,14.24,0.0
1395,14.24,0.0
1396,14.24,0.0
1397,14.24,0.0
1398,14.24,0.0
1399,14.24,0.0
1400,14.24,0.0
1401,14.24,0.0
1402,14.24,0.0
1403,14.24,0.0
1404,14.24,0.0
1405,14.24,0.0
1406,14.24,0.0
1407,14.24,0.0
1408,14.24,0.0
1409,14.24,0.0
1410,14.24,0.0
1411,14.24,0.0
1412,14.24,0.0
1413,14.24,0.0
1414,14.24,0.0
1415,14.24,0.0
1416,14.24,0.0
1417,14.24,0.0
1418,14.24,0.0
1419,14.24,0.0
1420,14.24,0.0
1421,14.24,0.0
1422,14.24,0.0
1423,14.24,0.0
1424,14.24,0.0
1425,14.24,0.0
1426,14.24,0.0
1427,14.24,0.0
1428,14.24,0.0
1429,14.24,0.0
1430,14.24,0.0
1431,14.24,0.0
1432,14.24,0.0
1433,14.24,0.0
1434,14.24,0.0
1435,14.24,0.0
1436,14.24,0.0
1437,14.24,0.0
1438,14.24,0.0
1439,14.24,0.0
1440,14.24,0.0
1441,14.24,0.0
1442,14.24,0.0
1443,14.24,0.0
1444,14.24,0.0
1445,14.23,0.0
1446,14.23,0.0
1447,14.23,0.0
1448,14.23,0.0
1449,14.22,0.0
1450,14.22,0.0
1451,14.38,0.0
1452,14.67,0.0
1453,14.95,0.0
1454,14.98,0.0
1455,14.98,0.0
1456,14.81,0.0
1457,14.62,0.0
1458,14.49,0.0
1459,14.33,0.0
1460,14.63,0.0
1461,15.64,0.0
1462,14.7,0.0
1463,17.83,0.0
1464,18.06,0.0
1465,19.74,0.0
1466,19.91,0.0
1467,19.85,0.0
1468,19.52,0.0
1469,19.05,0.0
1470,18.65,0.0
1471,18.19,0.0
1472,18.99,0.0
1473,20.26,0.0
1474,21.03,0.0
1475,21.29,0.0
1476,21.33,0.0
1477,21.37,0.0
1478,21.41,0.0
1479,21.45,0.0
1480,21.48,0.0
1481,21.51,0.0
1482,21.54,0.0
1483,21.57,0.0
1484,21.6,0.0
1485,19.98,0.0
1486,6.56,0.0
1487,7.33,0.0
1488,4.91,0.0
1489,4.2,0.0
1490,4.16,0.0
1491,4.15,0.0
1492,4.15,0.0
1493,4.15,0.0
1494,4.32,0.0
1495,4.38,0.0
1496,4.41,0.0
1497,4.82,0.0
1498,4.1,0.0
1499,4.96,0.0
1500,4.59,0.0
1501,4.59,0.0
1502,4.55,0.0
1503,4.52,0.0
1504,4.49,0.0
1505,4.46,0.0
1506,4.52,0.0
1507,4.55,0.0
1508,4.47,0.0
1509,4.78,0.0
1510,4.3,0.0
1511,4.27,0.0
1512,4.24,0.0
1513,4.2,0.0
1514,4.15,0.0
1515,4.11,0.0
1516,4.06,0.0
1517,4.01,0.0
1518,3.95,0.0
1519,5.15,0.0
1520,4.17,0.0
1521,3.23,0.0
1522,4.05,0.0
1523,3.55,0.0
1524,3.49,0.0
1525,3.42,0.0
1526,3.34,0.0
1527,3.26,0.0
1528,3.17,0.0
1529,3.09,0.0
1530,3.0,0.0
1531,2.91,0.0
1532,2.82,0.0
1533,2.73,0.0
1534,2.64,0.0
1535,2.54,0.0
1536,6.37,0.0
1537,2.58,0.0
1538,2.32,0.0
1539,2.17,0.0
1540,2.09,0.0
1541,4.08,0.0
1542,2.26,0.0
1543,6.2,0.0
1544,2.11,0.0
1545,1.99,0.0
1546,9.73,0.0
1547,2.86,0.0
1548,12.05,0.0
1549,4.91,0.0
1550,3.44,0.0
1551,13.8,0.0
1552,16.57,0.0
1553,16.36,0.0
1554,16.5,0.0
1555,16.53,0.0
1556,16.46,0.0
1557,17.02,0.0
1558,16.6,0.0
1559,14.14,0.0
1560,13.9,0.0
1561,13.96,0.0
1562,14.02,0.0
1563,14.09,0.0
1564,14.18,0.0
1565,14.17,0.0
1566,14.53,0.0
1567,14.25,0.0
1568,14.18,0.0
1569,14.19,0.0
1570,14.08,0.0
1571,14.11,0.0
1572,14.12,0.0
1573,14.11,0.0
1574,14.11,0.0
1575,14.1,0.0
1576,14.1,0.0
1577,14.1,0.0
1578,14.37,0.0
1579,14.07,0.0
1580,14.12,0.0
1581,14.18,0.0
1582,14.22,0.0
1583,14.23,0.0
1584,14.24,0.0
1585,14.24,0.0
1586,14.24,0.0
1587,14.24,0.0
1588,14.24,0.0
1589,14.24,0.0
1590,14.24,0.0
1591,14.24,0.0
1592,14.24,0.0
1593,14.24,0.0
1594,14.24,0.0
1595,14.24,0.0
1596,14.24,0.0
1597,14.24,0.0
1598,14.24,0.0
1599,14.24,0.0
1600,14.24,0.0
1601,14.24,0.0
1602,14.24,0.0
1603,14.24,0.0
1604,14.24,0.0
1605,14.24,0.0
1606,14.24,0.0
1607,14.24,0.0
1608,14.24,0.0
1609,14.24,0.0
1610,14.24,0.0
1611,14.24,0.0
1612,14.24,0.0
1613,14.24,0.0
1614,14.24,0.0
1615,14.24,0.0
1616,14.24,0.0
1617,14.24,0.0
1618,14.24,0.0
1619,14.29,0.0
1620,14.28,0.0
1621,14.3,0.0
1622,14.33,0.0
1623,14.35,0.0
1624,14.36,0.0
1625,14.37,0.0
1626,14.37,0.0
1627,14.37,0.0
1628,14.38,0.0
1629,14.38,0.0
1630,14.12,0.0
1631,14.19,0.0
1632,14.24,0.0
1633,14.29,0.0
1634,14.3,0.0
1635,14.32,0.0
1636,14.33,0.0
1637,14.33,0.0
1638,14.34,0.0
1639,14.34,0.0
1640,14.35,0.0
1641,14.35,0.0
1642,14.35,0.0
1643,13.76,0.0
1644,14.2,0.0
1645,14.19,0.0
1646,14.2,0.0
1647,14.21,0.0
1648,14.21,0.0
1649,14.22,0.0
1650,14.22,0.0
1651,14.5,0.0
1652,14.46,0.0
1653,14.56,0.0
1654,14.68,0.0
1655,14.38,0.0
1656,14.16,0.0
1657,14.11,0.0
1658,14.12,0.0
1659,14.14,0.0
1660,14.54,0.0
1661,16.1,0.0
1662,16.31,0.0
1663,14.8,0.0
1664,15.09,0.0
1665,14.37,0.0
1666,14.08,0.0
1667,14.61,0.0
1668,14.89,0.0
1669,14.81,0.0
1670,14.76,0.0
1671,15.38,0.0
1672,16.28,0.0
1673,16.21,0.0
1674,15.96,0.0
1675,14.65,0.0
1676,14.02,0.0
1677,14.41,0.0
1678,15.1,0.0
1679,15.86,0.0
1680,16.04,0.0
1681,15.83,0.0
1682,15.65,0.0
1683,15.78,0.0
1684,15.02,0.0
1685,14.75,0.0
1686,14.46,0.0
1687,14.29,0.0
1688,14.46,0.0
1689,14.18,0.0
1690,14.65,0.0
1691,15.61,0.0
1692,15.28,0.0
1693,15.35,0.0
1694,15.26,0.0
1695,15.09,0.0
1696,14.96,0.0
1697,14.99,0.0
1698,15.42,0.0
1699,15.36,0.0
1700,12.47,0.0
1701,11.61,0.0
1702,13.29,0.0
1703,18.96,0.0
1704,19.22,0.0
1705,19.41,0.0
1706,18.44,0.0
1707,17.95,0.0
1708,17.52,0.0
1709,16.65,0.0
1710,17.56,0.0
1711,17.7,0.0
1712,18.5,0.0
1713,18.41,0.0
1714,18.61,0.0
1715,18.18,0.0
1716,17.53,0.0
1717,17.08,0.0
1718,16.79,0.0
1719,16.29,0.0
1720,16.4,0.0
1721,16.12,0.0
1722,15.33,0.0
1723,16.26,0.0
1724,16.29,0.0
1725,16.38,0.0
1726,16.47,0.0
1727,16.46,0.0
1728,16.43,0.0
1729,16.52,0.0
1730,16.67,0.0
1731,16.37,0.0
1732,16.01,0.0
1733,15.35,0.0
1734,14.98,0.0
1735,15.34,0.0
1736,15.41,0.0
1737,15.55,0.0
1738,15.9,0.0
1739,15.9,0.0
1740,16.1,0.0
1741,16.28,0.0
1742,17.1,0.0
1743,15.97,0.0
1744,15.9,0.0
1745,15.58,0.0
1746,14.96,0.0
1747,15.0,0.0
1748,15.24,0.0
1749,15.16,0.0
1750,14.93,0.0
1751,15.24,0.0
1752,15.52,0.0
1753,15.91,0.0
1754,17.29,0.0
1755,17.3,0.0
1756,17.14,0.0
1757,16.69,0.0
1758,16.36,0.0
1759,16.33,0.0
1760,16.08,0.0
1761,15.0,0.0
1762,15.48,0.0
1763,15.47,0.0
1764,15.33,0.0
1765,15.86,0.0
1766,16.22,0.0
1767,16.19,0.0
1768,16.3,0.0
1769,16.43,0.0
1770,16.39,0.0
1771,16.36,0.0
1772,14.27,0.0
1773,13.73,0.0
1774,13.8,0.0
1775,13.88,0.0
1776,13.99,0.0
1777,14.11,0.0
1778,14.18,0.0
1779,14.2,0.0
1780,14.21,0.0
1781,14.22,0.0
1782,14.22,0.0
1783,14.23,0.0
1784,14.23,0.0
1785,14.23,0.0
1786,14.23,0.0
1787,14.23,0.0
1788,14.23,0.0
1789,14.23,0.0
1790,14.23,0.0
1791,14.23,0.0
1792,14.23,0.0
1793,14.23,0.0
1794,14.23,0.0
1795,14.24,0.0
1796,14.24,0.0
1797,14.24,0.0
1798,14.24,0.0
1799,14.24,0.0
1800,14.24,0.0
1801,14.24,0.0
1802,14.24,0.0
1803,14.24,0.0
1804,14.24,0.0
1805,14.24,0.0
1806,14.24,0.0
1807,14.24,0.0
1808,14.24,0.0
1809,14.24,0.0
1810,14.24,0.0
1811,14.24,0.0
1812,14.24,0.0
1813,14.24,0.0
1814,14.24,0.0
1815,14.24,0.0
1816,14.24,0.0
1817,14.24,0.0
1818,14.24,0.0
1819,14.24,0.0
1820,14.24,0.0
1821,14.24,0.0
1822,14.24,0.0
1823,14.24,0.0
1824,14.24,0.0
1825,14.24,0.0
1826,14.24,0.0
1827,14.24,0.0
1828,14.24,0.0
1829,14.24,0.0
1830,14.24,0.0
1831,14.24,0.0
1832,14.24,0.0
1833,14.24,0.0
1834,14.24,0.0
1835,14.24,0.0
1836,14.24,0.0
1837,14.24,0.0
1838,14.24,0.0
1839,14.24,0.0
1840,14.24,0.0
1841,14.24,0.0
1842,14.24,0.0
1843,14.24,0.0
1844,14.24,0.0
1845,14.24,0.0
1846,14.24,0.0
1847,14.24,0.0
1848,14.24,0.0
1849,14.24,0.0
1850,14.24,0.0
1851,14.24,0.0
1852,14.24,0.0
1853,14.24,0.0
1854,14.24,0.0
1855,14.24,0.0
1856,14.24,0.0
1857,14.24,0.0
1858,14.24,0.0
1859,14.24,0.0
1860,14.24,0.0
1861,14.24,0.0
1862,14.24,0.0
1863,14.24,0.0
1864,14.24,0.0
1865,14.24,0.0
1866,14.24,0.0
1867,14.24,0.0
1868,14.24,0.0
1869,14.24,0.0
1870,14.24,0.0
1871,14.24,0.0
1872,14.24,0.0
1873,14.24,0.0
1874,14.24,0.0
1875,14.24,0.0
1876,14.24,0.0
1877,14.24,0.0
1878,14.24,0.0
1879,14.24,0.0
1880,14.24,0.0
1881,14.24,0.0
1882,14.24,0.0
1883,14.24,0.0
1884,14.24,0.0
1885,14.24,0.0
1886,14.24,0.0
1887,14.24,0.0
1888,14.24,0.0
1889,14.24,0.0
1890,14.24,0.0
1891,14.24,0.0
1892,14.24,0.0
1893,14.24,0.0
1894,14.24,0.0
1895,14.24,0.0
1896,14.24,0.0
1897,14.24,0.0
1898,14.24,0.0
1899,14.24,0.0
1900,14.24,0.0
1901,14.24,0.0
1902,14.24,0.0
1903,14.24,0.0
1904,14.24,0.0
1905,14.24,0.0
1906,14.24,0.0
1907,14.24,0.0
1908,14.24,0.0
1909,14.24,0.0
1910,14.24,0.0
1911,14.24,0.0
1912,14.24,0.0
1913,14.24,0.0
1914,14.24,0.0
1915,14.24,0.0
1916,14.24,0.0
1917,14.24,0.0
1918,14.24,0.0
1919,14.24,0.0
1920,14.24,0.0
1921,14.24,0.0
1922,14.24,0.0
1923,4.59,0.0
1924,3.5,0.0
1925,3.9,0.0
1926,3.33,0.0
1927,3.84,0.0
1928,3.35,0.0
1929,4.04,0.0
1930,3.99,0.0
1931,3.74,0.0
1932,2.73,0.0
1933,3.29,0.0
1934,2.66,0.0
1935,2.95,0.0
1936,2.94,0.0
1937,3.2,0.0
1938,7.92,0.0
1939,10.58,0.0
1940,10.05,0.0
1941,16.51,0.0
1942,16.51,0.0
1943,14.95,0.0
1944,15.02,0.0
1945,15.15,0.0
1946,6.48,0.0
1947,6.4,0.0
1948,6.74,0.0
1949,6.81,0.0
1950,6.87,0.0
1951,3.58,0.0
1952,3.19,0.0
1953,3.55,0.0
1954,2.62,0.0
1955,2.68,0.0
1956,2.98,0.0
1957,3.14,0.0
1958,3.25,0.0
1959,3.34,0.0
1960,3.44,0.0
1961,3.52,0.0
1962,3.62,0.0
1963,3.71,0.0
1964,3.81,0.0
1965,3.9,0.0
1966,3.99,0.0
1967,4.08,0.0
1968,3.79,0.0
1969,4.62,0.0
1970,3.95,0.0
1971,4.71,0.0
1972,4.39,0.0
1973,4.46,0.0
1974,4.53,0.0
1975,4.59,0.0
1976,4.66,0.0
1977,4.74,0.0
1978,4.97,0.0
1979,5.15,0.0
1980,5.08,0.0
1981,5.33,0.0
1982,5.15,0.0
1983,5.02,0.0
1984,4.59,0.0
1985,5.19,0.0
1986,4.99,0.0
1987,5.03,0.0
1988,5.06,0.0
1989,5.08,0.0
1990,5.41,0.0
1991,5.43,0.0
1992,5.43,0.0
1993,5.43,0.0
1994,5.56,0.0
1995,5.3,0.0
1996,5.57,0.0
1997,5.45,0.0
1998,5.45,0.0
1999,5.46,0.0
2000,5.46,0.0
2001,5.46,0.0
2002,5.6,0.0
2003,5.34,0.0
2004,5.61,0.0
2005,5.49,0.0
2006,5.5,0.0
2007,5.51,0.0
2008,5.51,0.0
2009,5.52,0.0
2010,5.52,0.0
2011,5.64,0.0
2012,5.4,0.0
2013,5.65,0.0
2014,5.52,0.0
2015,5.52,0.0
2016,5.52,0.0
2017,5.75,0.0
2018,5.67,0.0
2019,5.76,0.0
2020,5.94,0.0
2021,5.97,0.0
2022,5.99,0.0
2023,5.99,0.0
2024,6.23,0.0
2025,6.03,0.0
2026,6.16,0.0
2027,5.98,0.0
2028,5.93,0.0
2029,5.96,0.0
2030,5.98,0.0
2031,5.99,0.0
2032,5.99,0.0
2033,6.01,0.0
2034,6.0,0.0
2035,6.0,0.0
2036,6.01,0.0
2037,6.01,0.0
2038,6.02,0.0
2039,6.29,0.0
2040,6.07,0.0
2041,5.99,0.0
2042,6.0,0.0
2043,6.01,0.0
2044,6.02,0.0
2045,6.47,0.0
2046,5.97,0.0
2047,5.97,0.0
2048,6.0,0.0
2049,6.02,0.0
2050,6.03,0.0
2051,6.04,0.0
2052,6.42,0.0
2053,5.97,0.0
2054,5.98,0.0
2055,6.02,0.0
2056,6.04,0.0
2057,6.05,0.0
2058,6.06,0.0
2059,6.36,0.0
2060,5.96,0.0
2061,6.0,0.0
2062,6.03,0.0
2063,6.05,0.0
2064,6.06,0.0
2065,6.07,0.0
2066,6.3,0.0
2067,5.98,0.0
2068,5.95,0.0
2069,6.07,0.0
2070,6.07,0.0
2071,6.08,0.0
2072,6.08,0.0
2073,6.09,0.0
2074,6.13,0.0
2075,6.31,0.0
2076,5.96,0.0
2077,5.99,0.0
2078,6.06,0.0
2079,6.08,0.0
2080,6.1,0.0
2081,6.14,0.0
2082,6.12,0.0
2083,6.12,0.0
2084,6.13,0.0
2085,6.13,0.0
2086,6.21,0.0
2087,5.87,0.0
2088,5.91,0.0
2089,6.09,0.0
2090,6.2,0.0
2091,6.2,0.0
2092,6.2,0.0
2093,6.52,0.0
2094,6.18,0.0
2095,5.99,0.0
2096,6.04,0.0
2097,6.12,0.0
2098,6.15,0.0
2099,6.16,0.0
2100,5.68,0.0
2101,6.12,0.0
2102,6.2,0.0
2103,6.2,0.0
2104,6.21,0.0
2105,6.22,0.0
2106,6.22,0.0
2107,6.12,0.0
2108,6.17,0.0
2109,5.95,0.0
2110,6.0,0.0
2111,6.24,0.0
2112,6.3,0.0
2113,6.33,0.0
2114,6.34,0.0
2115,6.36,0.0
2116,6.39,0.0
2117,6.42,0.0
2118,6.42,0.0
2119,6.56,0.0
2120,6.19,0.0
2121,6.16,0.0
2122,5.91,0.0
2123,5.91,0.0
2124,5.96,0.0
2125,6.22,0.0
2126,6.33,0.0
2127,6.57,0.0
2128,6.4,0.0
2129,6.08,0.0
2130,6.01,0.0
2131,6.29,0.0
2132,6.37,0.0
2133,6.1,0.0
2134,5.9,0.0
2135,6.06,0.0
2136,6.25,0.0
2137,6.32,0.0
2138,6.35,0.0
2139,6.51,0.0
2140,6.21,0.0
2141,6.15,0.0
2142,5.64,0.0
2143,6.12,0.0
2144,6.49,0.0
2145,6.51,0.0
2146,6.23,0.0
2147,6.25,0.0
2148,6.43,0.0
2149,6.33,0.0
2150,6.37,0.0
2151,6.43,0.0
2152,5.79,0.0
2153,6.17,0.0
2154,6.27,0.0
2155,6.33,0.0
2156,6.37,0.0
2157,6.36,0.0
2158,6.09,0.0
2159,6.11,0.0
2160,6.13,0.0
2161,6.25,0.0
2162,6.15,0.0
2163,6.14,0.0
2164,6.18,0.0
2165,6.26,0.0
2166,6.21,0.0
2167,6.2,0.0
2168,6.24,0.0
2169,6.2,0.0
2170,6.2,0.0
2171,6.29,0.0
2172,6.28,0.0
2173,6.22,0.0
2174,6.35,0.0
2175,6.24,0.0
2176,6.27,0.0
2177,6.36,0.0
2178,6.41,0.0
2179,6.33,0.0
2180,6.24,0.0
2181,6.3,0.0
2182,6.41,0.0
2183,6.45,0.0
2184,6.49,0.0
2185,6.34,0.0
2186,6.24,0.0
2187,6.34,0.0
2188,6.47,0.0
2189,6.52,0.0
2190,6.34,0.0
2191,6.37,0.0
2192,6.55,0.0
2193,6.58,0.0
2194,6.59,0.0
2195,6.6,0.0
2196,6.62,0.0
2197,6.49,0.0
2198,6.56,0.0
2199,6.14,0.0
2200,6.43,0.0
2201,6.6,0.0
2202,7.18,0.0
